id,username,full_name,link,biography,is_private,followers,following,posts,external_url,is_business_account,is_professional_account,is_verified
74228157697,heavybjjlpo,Gabriel Rock,https://www.instagram.com/heavybjjlpo/,,False,107,4319,0,None,False,False,False
76703558590,ex3me__,Ex3me,https://www.instagram.com/ex3me__/,---Perfil Novo 🤡---</b>- Cosplayer 🎩</b>- Streamer 🎮</b>- Pessoal 👨🏻</b>.</b>"como a Meta não tem funcionário</c> tive que criar outra conta",False,37,25,3,None,False,True,False
8672276193,ruizuu.cos,Luiz Filipe Ruizu,https://www.instagram.com/ruizuu.cos/,🛡️ Cosplayer </b>🎂 16/02,False,922,905,21,http://twitch.tv/itadoritt,False,False,False
2257566297,marceloeselma2011,Selma Oliveira,https://www.instagram.com/marceloeselma2011/,,False,318,7500,3,None,False,False,False
66316287313,gardine3011,Ga,https://www.instagram.com/gardine3011/,Vocalista de banda,False,89,488,2,None,False,False,False
70605136230,kath_juliee,Kath Julie,https://www.instagram.com/kath_juliee/,@ruhh_santos07 ❤️</b>leão ♌ 2000,False,121,138,7,None,False,False,False
237532295,selma425gmailcom,Selma Oliveira,https://www.instagram.com/selma425gmailcom/,,True,169,5455,19,None,False,False,False
74228074635,expressao.geek,Expressão Geek,https://www.instagram.com/expressao.geek/,FOTOS 1° EDIÇÃO 👇,False,1167,490,111,https://drive.google.com/drive/folders/1_KCWiRxHfSA0uY58CTI9ILHXqs5VebQF?usp=sharing,False,True,False
354097351,luize.rezende,,https://www.instagram.com/luize.rezende/,ânimo</c> força e coragem 🖤</b>católica</c>corintiana</c> casada & farmacêutica</b>eu sou o quase.,True,277,525,96,None,False,False,False
9014252992,nicole_caroline_75,Nicole Caroline,https://www.instagram.com/nicole_caroline_75/,Que a gente continue gigante diante de coisas que tentam nos fazer pequenos!</b>Gêmeos ♊😌</b>Vai Corinthians 🦅🙅🏽‍♀️😎🔥🤍🖤,True,218,284,365,None,False,False,False
63333328466,pauloamorimv,paulo roberto,https://www.instagram.com/pauloamorimv/,@afro.loma ❤️‍🔥💍,False,126,198,1,None,False,False,False
10972826405,meneghxtti,Lucas Meneghetti,https://www.instagram.com/meneghxtti/,• 💍</b>• 🎮 Gamer nas horas vagas</b>•📍 De boas no caos (ou quase)</b>• 🏋🏻‍♂️ Na missão diária de virar minha melhor versão</b>• 📺 Viciado em séries e cultura geek,True,1438,5244,14,https://twitch.tv/meneghettix,False,False,False
76109394611,gabrielgenda29_,Gabriel Genda,https://www.instagram.com/gabrielgenda29_/,A OUTRA CONTA FOI HACKEADA/INVADIDA !!!!! ME SIGAM NESSA AQUI,True,100,127,2,None,False,False,False
2100723964,llua_vasconcelos,Luana Vasconcelos,https://www.instagram.com/llua_vasconcelos/,° Criando memórias</c> um dia de cada vez! ✨</b>° Formada em RH 🧑🏻‍🎓 </b>° Mãe do Levi 💚</b>@leo_froost 💍,True,1449,1986,198,None,False,False,False
75907937166,emyngch_,野口ちえみ,https://www.instagram.com/emyngch_/,,True,46,189,7,None,False,False,False
71872431819,professormaluco13,Professor maluco,https://www.instagram.com/professormaluco13/,,False,20,51,1,None,True,True,False
26925398322,opsicologizando,Gustavo Piffer,https://www.instagram.com/opsicologizando/,Psicólogo/Palestrante</b>Tutor/Professor/Escritor</b>Gustavo H.Piffer Gaino</b>🎈Psicologia</b>📚 Sócio proprietário @opsicologizando</b>⬇️ Links úteis,False,2855,4901,153,https://linktr.ee/psigustavopiffer,True,True,False
74836018869,gendagabriel_,Genda Gabriel,https://www.instagram.com/gendagabriel_/,@ somente para amigos!</b>"If I can't be my own</c> I'd feel better dead"</b>⚠️🖕🏻☠🏴‍☠️,True,94,143,2,None,False,False,False
9292545345,daniel_bonane28,Daniel Bonane,https://www.instagram.com/daniel_bonane28/,Nunca é tarde para fazer o que ainda movimenta os seus sonhos.😊 </b>FM/SP</b>28-years</b>📖-História licenciatura </b>♓Peixes ascendente Áries♈,True,348,1158,38,None,False,False,False
4172699973,psilva_amanda08,Amanda Silva,https://www.instagram.com/psilva_amanda08/,A misericórdia de Deus é infinita ❤,False,646,787,60,None,False,False,False
4756815568,_tbeato,Thai Alves,https://www.instagram.com/_tbeato/,2.1💫</b>Francisco Morato-SP 🌍,False,293,2207,45,None,False,True,False
761766262,_paaulinh4,Paula Oliveira,https://www.instagram.com/_paaulinh4/,SALMOS</c> 17:08</b>24y 🌸</b>📚☢️,True,1195,1111,6,None,False,False,False
21980518716,click.kurama,Click.kurama,https://www.instagram.com/click.kurama/,@felipeyuichi,False,718,1460,172,None,False,True,False
50661435492,isaazxsouza_,Isa França,https://www.instagram.com/isaazxsouza_/,sp,False,499,469,0,None,False,False,False
8096309824,ruhh_santos07,Ruth Santos,https://www.instagram.com/ruhh_santos07/,❤️Ka_juliee🥰</b>Family🌻❤️,True,483,436,73,None,False,False,False
71383758885,flav.iaverginio5,Flavia De Paula,https://www.instagram.com/flav.iaverginio5/,Deus é fiel,True,665,3385,10,None,False,False,False
46883161612,bryy_aquino,𝔅𝔯𝔢𝔫𝔡𝔶 𝔄𝔮𝔲𝔦𝔫𝔬,https://www.instagram.com/bryy_aquino/,🦋 🤎✨</b>𝟚𝟘𝟘𝟜/𝟘𝟙𝟙,True,552,1055,13,None,False,False,False
44910962243,droppineo,Anderson Moraes,https://www.instagram.com/droppineo/,Leonino🦁</b>Amante dos livros📖</b>Dropper🔊</b>011📞 </b>fortnite🔥</b>@sandrynha.vitorino♡</b>dropper</b>https://soundcloud.com/anderson-ayslan-321679107,False,179,1354,65,None,False,False,False
4840898588,jssy_fre,Jéssica de Freitas,https://www.instagram.com/jssy_fre/,📍|São Paulo </b>🔬|Biomedicina [5/8],True,7563,499,0,None,False,False,False
57908577176,sou.isagi,Isaque Soares,https://www.instagram.com/sou.isagi/,🇧🇷,False,179,285,7,None,False,True,False
74185922944,blog_de_trabalho,Divulgações de Trabalho,https://www.instagram.com/blog_de_trabalho/,Instagram D Trabalho,False,111,238,3,None,False,False,False
68212046426,stephaniecomestics,Stephanie  Cosmétics,https://www.instagram.com/stephaniecomestics/,Uma nova experiência no mundo dos cosméticos.</b>Produtos Disponíveis a pronta entrega Jundiaí 🇧🇷📍</b>Compre on line 👇🏻,False,349,1360,111,https://wa.me/5511993400605?text=Ol%25C3%25A1%2520Stephanie%2520acessei%2520seu%2520perfil%2520e%2520queria%2520fazer%2520meu%2520pedido.,True,True,False
1432091525,angelikacps,Angélica Campos🪷,https://www.instagram.com/angelikacps/,O impossível é apenas uma opinião</b> Florianópolis 📌</b>@marcos_de_olivera ❤️,True,345,864,43,None,False,False,False
33394315150,thynannah_belm,🪻⊹₊˚｡⋆  Hannah Belmonte,https://www.instagram.com/thynannah_belm/,⠀⠀ᶠᵘᵗᵘʳᵃ ᵗᵉ́ᶜⁿᶦᶜᵃ ᵉᵐ ⁿᵘᵗʳᶦᶜ̧ᵃ̃ᵒ ଘ ⠀⠀ׅ֗ピ ֹ. ン۫  ׅ࣪クֹ ݁ の݁  ۫王ׅ  ֗女ֹ.</b>⠀⠀⠀⠀⠀⊹❔𝖿𝖾𝗆𝖺𝗅𝖾 𝗽𝗿𖣠𝗇𝗈𝗎𝗇𝗌  “    : : 𝔟𝔩𝔞́ 𝔟𝔩𝔞́ . “⠀ ⊹</b>@thv @agustd,False,241,683,6,None,False,False,False
44450326400,isapaganottii,Isabella Paganotti,https://www.instagram.com/isapaganottii/,,False,461,289,25,None,False,False,False
6428865755,andpedras,andressa,https://www.instagram.com/andpedras/,,True,117,879,9,None,False,False,False
55654833698,the.winged.queen,Momo Sweetroll,https://www.instagram.com/the.winged.queen/,A soldier</c> a poet and a queen 👑</b>Fighting my battles</c> writting my story and ruling my life.,False,94,147,134,None,False,False,False
52746231418,xhellsuki,Hellsuki Party,https://www.instagram.com/xhellsuki/,Cada edição uma experiência única imersiva! ✨ </b>🔮 𝟐𝟕/𝟎𝟗 - 𝗛𝗔𝗟𝗟𝗢𝗪𝗘𝗘𝗡 Congregação das Bruxas • Especial LoL ⚔️</b>🎧 𝗽𝗼𝗽 | 𝗮𝗻𝗶𝗺𝗲 𝘀𝗼𝗻𝗴𝘀 | 𝗻𝗶𝗴𝗵𝘁𝗰𝗼𝗿𝗲 | 𝘃𝗼𝗰𝗮𝗹𝗼𝗶𝗱,False,3821,3130,53,https://linktr.ee/hellsuki,False,True,False
1978101261,atelie_taty_vasconcelos,tati Vasconcelos,https://www.instagram.com/atelie_taty_vasconcelos/,✨ Inauguração do meu ateliê com peças exclusivas e um preço super especial! ✨ Cada detalhe foi pensado com carinho para vocês.,False,376,1213,98,None,True,True,False
70295142971,priscilaboaventura90,Priscila Boaventura,https://www.instagram.com/priscilaboaventura90/,,True,257,1119,0,None,False,False,False
38321116,xicoxicao,Xico Xicao,https://www.instagram.com/xicoxicao/,,False,639,668,149,None,True,True,False
3113352331,morteline,♡Line♡,https://www.instagram.com/morteline/,Apelido: 💖Line💖</b>Signo: Leão ♌</b>❤️ @lobinhodotrance ❤️</b>#C3</b>Membro: 🌸 @TropaDasMaids 🌸,False,452,5475,113,None,False,False,False
494964788,luuuh_nhaaaa.cos,Luana "Luuuh_nhaaaa" Bandetini,https://www.instagram.com/luuuh_nhaaaa.cos/,Posso dizer cosplayer?? Não sei</b>Streamer F/A</b>Parcerias direct</b>@kenzinho.cos ♥️</b>@revengersbrasil_,False,1080,1336,111,None,True,True,False
1536609854,_ruffles95,Silvia D. Brandt,https://www.instagram.com/_ruffles95/,•Umbanda🕊️</b>•Cosplayer @brandt_cosplayer </b>• @_luxenv_❤️</b>•I love Cat&Dog (⁠ ͡⁠°⁠ᴥ⁠ ͡⁠°⁠ ⁠ʋ⁠)/⁠ᐠ⁠｡⁠ꞈ⁠｡⁠ᐟ⁠\,False,6249,1958,149,https://www.facebook.com/eisilviadaiane,False,False,False
61282662367,talita.souza28,Tatah Souza,https://www.instagram.com/talita.souza28/,,False,279,467,32,None,False,False,False
31703937963,monica.sfernandes,Monica Fernandes,https://www.instagram.com/monica.sfernandes/,,False,170,427,46,None,False,False,False
72393673577,belleviebemestar,bellevie bem estar,https://www.instagram.com/belleviebemestar/,✨ Transformando bem-estar em beleza ✨</b>💆‍♀️ Estética & Massoterapia</b>📅 Agende já!,False,62,108,3,None,True,True,False
1540566779,kah_pires11,Karoline Pires,https://www.instagram.com/kah_pires11/,Franco da Rocha- SP 🏠</b>Capricorniana ♑,True,484,742,0,None,False,False,False
59940268782,_emilinvalerio,Emilin Valerio,https://www.instagram.com/_emilinvalerio/,📍 Jundiaí - SP,True,1229,3098,43,None,False,False,False
8677155696,_edilaineascimentoo,Edilaine Nascimento,https://www.instagram.com/_edilaineascimentoo/,Ame as pessoas</c> como senão houvesse o amanhã.,False,1277,1882,50,None,False,False,False
72125154342,tainaaraujoo.psicologia,ᴛᴀɪɴá ɴ.ᴀʀᴀᴜᴊᴏ |ᴇꜱᴛᴜᴅᴀɴᴛᴇ ᴅᴇ ᴘꜱɪᴄᴏʟᴏɢɪᴀ🧠📚,https://www.instagram.com/tainaaraujoo.psicologia/,🧠| 𝘈𝘯𝘴𝘪𝘦𝘥𝘢𝘥𝘦</c> 𝘢𝘶𝘵𝘰𝘤𝘰𝘯𝘩𝘦𝘤𝘪𝘮𝘦𝘯𝘵𝘰 & 𝘴𝘢𝘶́𝘥𝘦 𝘮𝘦𝘯𝘵𝘢𝘭</b>📚| 𝘳𝘰𝘵𝘪𝘯𝘢 𝘥𝘦 𝘦𝘴𝘵𝘶𝘥𝘰| 𝘌𝘴𝘵𝘢́𝘨𝘪𝘰𝘴</b>✨|ꜱᴇᴊᴀ ꜱᴇᴜ ᴘʀóᴘʀɪᴏ ᴍᴏᴛɪᴠᴏ ᴘᴀʀᴀ ᴄᴏɴᴛɪɴᴜᴀʀ </b>@tainanoovaes,False,103,139,1,None,False,False,False
69557568265,butiquimpeleraraoficial,Butiquim Pele Rara,https://www.instagram.com/butiquimpeleraraoficial/,Uma nova experiência para todos os gostos !!!,False,142,202,5,None,False,False,False
45147671545,nakazato.katsuo,nakazato katsuo,https://www.instagram.com/nakazato.katsuo/,O maior presente que vc pode dar a alguem é seu tempo e o bem.</c>Porque dando seu tempo </c>vc esta doando uma parte da sua vida</c> que nunca mais voltar.,True,41,42,20,None,False,False,False
71430391218,derson_foco,Anderson,https://www.instagram.com/derson_foco/,em busca do sucesso 💪🏼</b>foco e determinação 📚</b>shape em construção ⚡,False,14,48,5,None,False,False,False
70224003096,paredaogeek,Paredão Geek,https://www.instagram.com/paredaogeek/,🎃• Edição Halloween- Open bar </b>🗓• Data: 04 de outubro</b>🎟️• Ingressos na Bio (PIX OU SYMPLA)</b>🕑•  23h às 5h</b>📍•  Local: Vip Station (São Paulo),False,13441,1145,25,https://www.sympla.com.br/evento/paredao-geek-haloween-open-bar/3064651,True,True,True
45676906001,sadryan__,Adryan Santos,https://www.instagram.com/sadryan__/,🌊 “Só pela vibe boa.”,True,1744,2037,30,None,False,False,False
2350674230,_domeneghetti_,eduarda,https://www.instagram.com/_domeneghetti_/,📍sp,True,1272,654,6,None,False,False,False
3493880612,jhoon_011,Jonas Silva,https://www.instagram.com/jhoon_011/,@palmeiras💚</b>@mayara.pontess🤍💍,False,3937,3832,1,None,False,False,False
56736789311,reefuj1,Renan,https://www.instagram.com/reefuj1/,,True,299,410,39,http://twitch.tv/pikz_re,False,False,False
70236285178,couplenkzt_,𝓝𝓴𝓩𝓽 𝓒𝓸𝓾𝓹𝓵𝓮,https://www.instagram.com/couplenkzt_/,ち҉え҉み҉&҉ひ҉と҉し҉</b>“𝘛𝘸𝘰 𝘤𝘳𝘢𝘻𝘺 𝘱𝘦𝘰𝘱𝘭𝘦 𝘵𝘳𝘺𝘪𝘯𝘨 𝘵𝘰 𝘮𝘢𝘬𝘦 𝘢 𝘤𝘳𝘢𝘻𝘺 𝘵𝘩𝘪𝘯𝘨 𝘸𝘰𝘳𝘬!”</b>📍 𝕵𝖆𝖕𝖆𝖓</b>📸 ℜ𝔢𝔠𝔬𝔯𝔡𝔦𝔫𝔤 𝔐𝔬𝔪𝔢𝔫𝔱𝔰</b>🎮𝕋𝔽𝕋𝗟𝗼𝘃𝗲𝗿𝘀,True,66,417,7,None,False,False,False
1563708261,_izanoronha,Iza Noronha,https://www.instagram.com/_izanoronha/,💜@corvo.thearchitect💜,True,1564,2969,15,None,False,False,False
60156154723,varyshop,varyshop | Smartwatch e Acessórios,https://www.instagram.com/varyshop/,🔥 Relógios com estilo e desconto  </b>🚚 Entrega rápida e garantia  </b>📲 Chama no WhatsApp 👇,False,223,691,28,https://wa.me/5511962400831,False,True,False
69402003540,pedri_vicent,pedro Vicente,https://www.instagram.com/pedri_vicent/,solteiro </b>@flamengo </b>021,False,48,202,0,None,False,False,False
69775406647,olympus_joias,OLYMPUS,https://www.instagram.com/olympus_joias/,Elegância e beleza transmitidas através  delicadeza das jóias,False,207,1185,22,None,True,True,False
65912739740,chiemy_nakazato,仲里 ちえみ,https://www.instagram.com/chiemy_nakazato/,🎨 Aquarela na alma</b>🖋️ Tinta na pele</b>🍺 Cerveja gelada</b>🇯🇵 Ink & soul from Japan</b>心で描き、肌に刻む。,True,122,512,2,None,False,False,False
18351729462,carlos_shimotsuki,Carlos D. Vilarins,https://www.instagram.com/carlos_shimotsuki/,• Volleyball Player</b>• B-boy</b>• Cosplayer</b>• Dublador</b>• O carinha q mora logo ali...,False,156,166,20,None,False,False,False
4358069257,gabyfariassilva,Farias Gaabs,https://www.instagram.com/gabyfariassilva/,A física da procura.⏳️</b>Celulose e papel📚🌱,True,235,258,1,None,False,False,False
4316512388,l3secr3t,🐆,https://www.instagram.com/l3secr3t/,Sp/zs,False,1005,1113,3,None,False,False,False
15655255729,mtheusj_,Matt💋,https://www.instagram.com/mtheusj_/,444</b> 𝖚𝖓𝖋𝖔𝖗𝖌𝖊𝖙𝖙𝖆𝖇𝖑𝖊</b> ⋆♱⋆,False,1220,1101,7,https://www.instagram.com/this_is_walkerr?igsh=MW00Z24xMzV5ZWltcQ%253D%253D&utm_source=qr,False,False,False
18108505575,isah_carraro14,Isabella,https://www.instagram.com/isah_carraro14/,Itupeva/Sorocaba,True,454,991,0,None,False,False,False
1535499081,fioresemuriel,Muriel Fiorese da Silva,https://www.instagram.com/fioresemuriel/,💍,False,435,1517,5,None,False,False,False
63531837593,dtraxx_,,https://www.instagram.com/dtraxx_/,,False,1,11,2,None,False,False,False
1138019626,niiii_goncalves,Nicole 🐢,https://www.instagram.com/niiii_goncalves/,,True,1375,867,3,None,False,False,False
32321329994,evilazio.magalhaes,Evilazio Magalhaes,https://www.instagram.com/evilazio.magalhaes/,@vilaautomotive</b>🔧#manutenção preventiva e corretiva</b>#Diagnóstico Haster e ingeção eletrônica</b>#Cambio automático</b>#Diversos serviços</b>CONSULTE-NOS 😉,True,322,892,15,None,False,False,False
3097411622,gu.nogueiraaaa,Gustavo Nogueira,https://www.instagram.com/gu.nogueiraaaa/,📍 solteiro!</b>♋️ 32anos  </b>@upp_sonic segui lá  🤟🏻Nada é por acaso. Acredite em seus sonhos e nos seus potenciais. Na vida</c> tudo se supera.,True,1200,3985,102,None,False,False,False
66881284378,oddco_,Odd.co,https://www.instagram.com/oddco_/,Avoid the common. #embracetheodd 🇧🇷</b>🎟️ 10% OFF: 1COMPRA,False,3600,4044,194,https://www.oddco.com.br/,True,True,False
7389634393,taipereira5978,Taina Pereira,https://www.instagram.com/taipereira5978/,@manel.ssantana💍 / 20 anos 😘</b>  Marketing  3/4,True,284,412,34,None,False,False,False
68034291281,anidreamparty,Anidream Party,https://www.instagram.com/anidreamparty/,🍣OTAKUS - 🎮GAMERS - 👾GEEK</b>🗓️ Evento: 01/11</b>📍Local:  HOLE CLUB</b>🍸 OPEN BAR!,False,5804,6374,407,https://shotgun.live/pt-br/events/anidream-baile-de-konoha-pokenight-um-hallowen-pokemon-2,False,True,False
2305980803,assimdisseaugusto,Lucas,https://www.instagram.com/assimdisseaugusto/,Historia(dor)</c> 28 anos,True,325,574,48,None,False,False,False
50740171580,_eeucamis,Camis,https://www.instagram.com/_eeucamis/,Mod off</b>São Paulo 🚇 </b>Are you In?,False,532,885,85,None,False,True,False
6236105161,andersonmichelde,Anderson Michel de Lima,https://www.instagram.com/andersonmichelde/,,True,461,2187,14,None,False,False,False
46483249420,iamlildimmy,LIL DIMMY ⚛️,https://www.instagram.com/iamlildimmy/,Fucc it.🐣✨,False,570,283,9,https://open.spotify.com/artist/3cFK1O0cI0vDh2QtrfogcB?si=jkqWVZO1S5upcsLnWpEaDw,False,True,False
64759658069,arisutattoo,Arisu✩‧₊˚,https://www.instagram.com/arisutattoo/,Tattoo artist⚜️</b>Blackwork</c> blackout</c> Japanese style & old school⚜️,False,142,247,4,None,True,True,False
67635735582,mindydaily_,,https://www.instagram.com/mindydaily_/,só coisas aleatórias da minha vida cm pessoas que eu amo 🫡 | fotos bem duvidosas,True,19,23,17,None,False,False,False
68162251376,ellviradams_,ℰ𝓁𝓋𝒾𝓇𝒶 𝒜𝒹𝒶𝓂𝓈 🐈‍⬛,https://www.instagram.com/ellviradams_/,@weedycris💍</b>𝑨𝒖𝒈𝒖𝒔𝒕3𝑶</c> 29ʏ ✨️♍️</b> _ O11𝑺𝑷📍</b>ⁿᵒᵇᵒᵈʸ ᶦˢ ᵖᵉʳᶠᵉᶜᵗ . 🎭,True,1225,420,8,None,False,False,False
5391391184,lucas_limaooo,lucas limao,https://www.instagram.com/lucas_limaooo/,Jornalista</b>Fotógrafo,False,800,1422,280,None,False,True,False
4520128675,domicianohugo,Hugo Vinicius,https://www.instagram.com/domicianohugo/,SP</b>April/1996,True,491,793,6,None,False,False,False
58571979860,naakira._.nathalia,NATHALIA,https://www.instagram.com/naakira._.nathalia/,Design por Hobby ❣</b>R e AL 🌬</b>Apaixonada por Animes and K-pop 🤩</b>Também Comunista ✊</b>Segunda Conta Do IG 🤦‍♀️</b>Jimou muito 🌀,False,1154,157,1,None,False,True,False
1605657857,death.kindred,;v,https://www.instagram.com/death.kindred/,:v,True,472,2921,0,None,False,False,False
2232363419,fernando.live,Fernando Leal,https://www.instagram.com/fernando.live/,Analista de Suporte 💻,True,302,580,29,None,False,False,False
6810751166,diga4ss_,Diogo Silva,https://www.instagram.com/diga4ss_/,☪︎ 𝕿𝖗𝖎𝖕𝖑𝖊 𝖘𝖎𝖝 666</b>Tanto faz,True,343,244,2,None,False,False,False
66802849758,anit.araval3082023,,https://www.instagram.com/anit.araval3082023/,🔝 Mᴇlhоr jogo dô Brᴀsil 🎰 Grándᴇs vitórias!</b>🎁Bônus pará vocе  dᴇ аte 10000!</b>👇 Jogue e ganhe! 👇</b> @ganha.tigrejogo,True,21,3676,0,None,False,False,False
48656942927,ggiowo_o,Giovanni 🥀♠️,https://www.instagram.com/ggiowo_o/,25th floor | he/him ⚧ | 💍💍</b>.ℑ 𝔨𝔢𝔢𝔭 𝔦𝔱 𝔞𝔩𝔩 𝔦𝔫𝔰𝔦𝔡𝔢 𝔟𝔢𝔠𝔞𝔲𝔰𝔢 ℑ 𝔨𝔫𝔬𝔴 𝔱𝔥𝔢 𝔪𝔞𝔫 𝔦𝔰 𝔢𝔳𝔢𝔯𝔶𝔱𝔥𝔦𝔫𝔤 𝔟𝔲𝔱 𝔨𝔦𝔫𝔡,True,150,197,59,None,False,False,False
56582642484,_coyotesale_,,https://www.instagram.com/_coyotesale_/,*CYTSALE*💥 Jundiaí -SP</b>🕸️Venda de usados</c> novos e seminovos*</b>🕸️Valores negociáveis*</b>🕸️ Quaisquer dúvidas</c> chamar no direct*,False,13,52,16,None,False,False,False
53918148529,space_afesta,Space Produções,https://www.instagram.com/space_afesta/,06 de Setembro 🎇</b>📍 Rua Major Sucupira 220 </c>Centro Jundiaí.</b>Garanta o seu ingresso para o Open Bar da SPACE 3 ANOS .,False,4351,1468,231,https://www.sympla.com.br/evento/space-3-anos---open-bar/3023114,True,True,True
66378164969,_brnosnts_,Bruno Santos,https://www.instagram.com/_brnosnts_/,Artista  brazuka 🇧🇷</b>Tatuador/ Ilustrador/ Designer/ Modelo</b>@pacoca_arts_ </b>@_buddhatattoo_ </b>💍💍,False,136,117,16,None,False,False,False
1789129244,nicolle_couto23,Nicolle Couto,https://www.instagram.com/nicolle_couto23/,... De acordo com as estações climáticas do meu coração ...,True,105,881,18,None,False,False,False
51858742164,edbeatrance,EDBEAT,https://www.instagram.com/edbeatrance/,Projeto idealizado para fortalecer produtores nacionais e internacionais que não tem tanto espaço aqui no Brasil. </b>VALORIZE A CENA NACIONAL 🇧🇷,False,534,628,81,https://soundcloud.com/edbeatrance,False,True,False
62814687071,luscas_olv,Lucas Alves,https://www.instagram.com/luscas_olv/,•25y</b>•Automação Industrial 🪛</b>•@lays_looes ❤️</b>•Can you feel my heart 🎶,True,184,479,2,None,False,False,False
66042920790,dbaldan140,Denis Baldan,https://www.instagram.com/dbaldan140/,,True,96,131,2,None,False,False,False
53186104995,fabricia_haruno07,Faby Haruno,https://www.instagram.com/fabricia_haruno07/,𝑪𝒐𝒔𝒑𝒍𝒂𝒚𝒆𝒓 𝒊𝒏𝒊𝒄𝒊𝒂𝒏𝒕𝒆 🌸</b>@fabricia_haruno,False,177,315,8,None,False,False,False
47701704451,naakira_nathalia,Nathalia,https://www.instagram.com/naakira_nathalia/,Jundiaí-SP 📍</b>Design por hobby 💠</b>R</c> AL</c> AML</c> OPE e fã da HK👤</b>Auntie da Alice 🧸</b>Like it Games</c> Animes and K-pop ❣</b>Também sou Comunista</c> Jimou ✊🌈,False,4271,2548,2,https://www.instagram.com/naakira1_nathalia?igsh=Y2J1b2JodWpidXUy,False,True,False
237633788,a_busato,Paulo M Busato,https://www.instagram.com/a_busato/,"Toda pessoa é um universo 🪐"</b>Log 5/1000000 (não acaba nuncaaaa)</b>Analista estratégico 📈,True,617,519,17,None,False,False,False
46641342820,simorespi,Simone,https://www.instagram.com/simorespi/,,True,1180,6907,20,None,False,False,False
256548066,henrygink,Henry Gink,https://www.instagram.com/henrygink/,who's been faithful as a nun? 🙏😈</b>🪴CEO of Dendro🪴</b>#Cosplay • RPG • Geek Stuff • HoyoCreator</b>♂️ he/him • 😈 chaotic evil •  🔬INTJ,False,1933,1454,759,http://www.youtube.com/henrygink,False,True,False
1336761313,eularyssa_,Lá 🌟,https://www.instagram.com/eularyssa_/,• mãe do Noah 🩵</b>@amr.de.noah</b>💍💕,False,1139,4947,12,None,False,True,False
62512961740,gendadesigner,Gabriel Genda,https://www.instagram.com/gendadesigner/,,False,51,49,19,https://67b4df4a6511f.site123.me/,True,True,False
64222084343,dgracoesepets,DG Rações e Pets,https://www.instagram.com/dgracoesepets/,🌾 | Do bico ao focinho</c> temos tudo!</b>📍 | R. Dr Hegg</c> 311</c> Vila Arens II</c> Jundiaí — SP</b>🐠 | Esperamos sua visita!</b>🐾 | Fundadora: @gessicabresciani,False,242,344,45,None,True,True,False
54052658621,isadoramarquini,I S A D O R A,https://www.instagram.com/isadoramarquini/,Criando momentos e diversão!</b>São Paulo / 🇧🇷</b>Contato DM 💌,False,1058,851,35,None,False,True,False
50845901283,lizz.figg,Lizz Figueiredo 🎭,https://www.instagram.com/lizz.figg/,22 Years/SP🇧🇷</b>Cosplay 🧝🏻‍♂️</b>Modelo 🌟</b>Faço uns vlogs duvidosos 🤠👍🏻,False,3475,1108,108,None,False,True,False
7154384086,leandro_santosb,𝕭𝖆𝖑𝖑𝖆𝖘,https://www.instagram.com/leandro_santosb/,,False,551,1056,4,None,False,True,False
23798254727,bruanjosofc,Bruna Anjos,https://www.instagram.com/bruanjosofc/,Solivagant 🍃</b>Parcerias direct ‼️</b>Gamer 🎮 Streamer 🎥 cosplayer👩🏻‍🎤Otaku🏅,False,77375,3227,123,https://allmylinks.com/bruanjosofc,False,True,True
64005518459,fuegoafestaa,Duplex,https://www.instagram.com/fuegoafestaa/,PRODUTORA DE EVENTOS.,False,920,2199,0,None,True,True,False
25106273280,emilly_in_sp,elly プリン,https://www.instagram.com/emilly_in_sp/,São Paulo 📌</b>👾</b>@m4ll1.c conta privada 🌫️,False,1235,4635,29,None,False,False,False
62747973467,aphayu_trumai.kkr,Aphayu Jhapa Trumai,https://www.instagram.com/aphayu_trumai.kkr/,Vivendo momentos e construindo lembranças ❤️</b>Trajado contra mal olhado🙅‍♂️</b>Trajado de fé 🙏</b>Me julga mas no fundo me admira 😝</b>Sp ZS capital🚩</b>*2002🫶011😌,True,225,147,4,None,False,False,False
54770335494,illusionga9a,Karine Tcherneo,https://www.instagram.com/illusionga9a/,🧵 Designer de Moda</b>🦄 Look a like: @ladygaga </b>🎮 Gamer nas horas vagas</b>🍻 CEO: @omundodascanecas,False,1164,5110,30,None,False,True,False
1427092044,r.a.n.s.fantasias,Reinaldo Rib,https://www.instagram.com/r.a.n.s.fantasias/,Professor geografia</c># artesã e produtor #artesanato,False,2164,5877,1178,http://wa.me/5544998865311,False,True,False
1946772010,caique_gamarra_,caique gamarra,https://www.instagram.com/caique_gamarra_/,Ouça agora “Um amor de verão”</b>👇🏻👇🏻,False,10436,2099,16,https://openyoutu.be/uxX03z7guRY?si=bI4eVF_pXTyaaUGk,True,True,False
63208853771,demonsrock_sp,Demons Rock,https://www.instagram.com/demonsrock_sp/,💀 METAL/ROCK E OPEN BAR🍹</b>📅 30.03 das 22:00 as 05:00</b>📍 Av. São Miguel</c> 9081 - São Miguel Paulista</b>🌹 8 Min da estação</b>🎸 Bandas ao vivo</b>Ingressos,False,703,1496,26,None,True,True,False
4517900826,_gkofc,DJ GK🎧,https://www.instagram.com/_gkofc/,⚡21y</b>🇧🇷🇪🇦🇬🇧🇰🇷</b>¤ 𝔻𝕁 - ℙℝ𝕆𝔻𝕌ℂ𝔼ℝ - 𝕄𝕆𝔻𝔼𝕃𝕆</b>🎧 “FUNK • ANIME • KPOP • POP • 2000 • HARDTECHNO • PHONK • EMO • ROCK •</b>📥 guilherme_k.3@hotmail.com,False,9173,7411,162,https://allmylinks.com/guilhermek-15,False,True,False
30281321541,lobinhodotrance,Edson Cardoso,https://www.instagram.com/lobinhodotrance/,♐Sagitariano♐</b>Staff do @bailedekonoha.oficial e @expressao.geek</b>❤️ @morteline❤️</b>🕉️O trance é vida🕉️</b>🎧@edbeatrance🎧</b>👨🏻‍💻 TI♥️</b>🎮 Games😍,False,931,1859,177,https://linktr.ee/lobinhodotrance,False,False,False
60114994763,bailedekonoha.oficial,Baile de Konoha,https://www.instagram.com/bailedekonoha.oficial/,Konoha & Anidream 6° Edição </b>Rua Augusta 2203</c> Cerqueira César</c> SP</b>Proibida a entrada de menores  🔞,False,5858,2471,420,https://linktr.ee/BailedeKonoha,False,True,False
54888537896,lidiilima9,Lidii,https://www.instagram.com/lidiilima9/,cf - rj </b>@fluminensefc  </b>🧿</b>Rave ❤️,True,1588,2917,8,None,False,False,False
30496463750,robson.boaventura.391,Robson Boaventura,https://www.instagram.com/robson.boaventura.391/,,True,133,206,1,None,False,False,False
26270777486,fabricia_haruno,Fabricia Vital,https://www.instagram.com/fabricia_haruno/,Filha do Rei de oyo 🐢🔥</b>🐟Pisciana ♓</b>💥Só foto aleatória💥</b>N° 4 dos 7 monstrinhos </b>@badgalriri,True,611,2304,62,None,False,False,False
3918269564,manel.ssantana,Manoel Santana,https://www.instagram.com/manel.ssantana/,@tainapereira9583 💍♥️</b>perfil de cosplay:@shu_manel,False,232,623,6,None,False,False,False
1224372828,lucy_leonhardt,Vera Lúcia,https://www.instagram.com/lucy_leonhardt/,~ Somente o nosso amor próprio fortalece nossa imunidade contra o mundo. 🍁</b>Leitora</c> otaku e cansada.</b>SP</c> Brasil. ⚡️,True,709,620,0,None,False,False,False
327290418,manibosso,Maniele Bosso,https://www.instagram.com/manibosso/,Libriana♎️</b>Mamãe da Luna 🐶</b>"A vida é travessia. Então continue seguindo.",False,1311,1211,21,None,False,False,False
46985839071,eii_francielydias,Fran,https://www.instagram.com/eii_francielydias/,Filha mortal de um Pai Eterno 🙏🏾,True,650,352,0,None,False,False,False
58098769720,popone.br,POP ONE,https://www.instagram.com/popone.br/,011# </b>💥 Frete Grátis para todo o  Brasil 💥</b> 🛍   Entrega imediata metro SP   🛍️,False,2390,1972,75,None,True,True,False
3259169522,edgar_goldberg,Edgar Goldberg,https://www.instagram.com/edgar_goldberg/,Você vê o que eu sou. O que eu sou é resultado daquilo que faço repetidamente. Excelência não é um ato. É um hábito ∴,True,592,2791,0,None,False,False,False
60067444630,fernandezmerajundiai,Fernandez Mera Jundiaí,https://www.instagram.com/fernandezmerajundiai/,,False,1010,4223,285,http://www.fernandezmera.com.br/,True,True,False
51247938155,alanribeiro0209,Alan Ribeiro,https://www.instagram.com/alanribeiro0209/,Deus e fiel,True,247,3240,14,None,False,False,False
52168404436,nina_pluss2,Nina Pluss,https://www.instagram.com/nina_pluss2/,@nina_pluss  perfil principal,True,341,782,67,None,False,False,False
35293531425,lyn_hill_,Layene Souzs,https://www.instagram.com/lyn_hill_/,[Escritora] @srta_darling29</b>[20 ñ] </b>[Cosplayer]</b>•Membro: @mandalorianbuildersbr @lavb.fmu,False,493,1726,61,https://m.dreame.com/novel/4151256320.html,False,True,False
44786922721,sidhermit,Sid,https://www.instagram.com/sidhermit/,,True,109,444,129,None,False,False,False
4777435246,mikacosplayer_,Mika Evangelista,https://www.instagram.com/mikacosplayer_/,*Bacharel em Design de moda </b> *Maquiadora profissional </b>*Cursando Comunicação Social: Publicidade e propaganda</b>*Cosplayer,False,1564,3992,87,https://vm.tiktok.com/ZMAepumV9/,False,False,False
42839444531,shu_manel,丂卄ㄩ,https://www.instagram.com/shu_manel/,@manel.ssantana o insta pessoal</b>Cosplayer</c> cosmaker e artista</b>Chama na DM faça sua encomenda</b>Acessórios em madeira</c> metal</c> biscoit</c> e.v.a</c>tecido</c> etc,False,208,653,33,None,False,False,False
9921438841,luizamackoviak,/＼ ^.ˍ.^ ／\,https://www.instagram.com/luizamackoviak/,,False,835,3136,57,None,False,True,False
4380000791,u_de_uta,Samuel Castro,https://www.instagram.com/u_de_uta/,me diz</c> qual foi a ultima vez que tu se sentiu feliz</c> fazendo algo simples como levantar da cama,True,264,377,52,None,False,False,False
230699660,andrenvrro,André Navarro,https://www.instagram.com/andrenvrro/,29y</c> ♌</c> 🇧🇷</b>🔹Santiago</c> Chile</b>@marombarros</b>𝕻𝖆𝖗𝖆𝖉𝖎𝖘𝖊 𝖎𝖘 𝖎𝖓 𝖒𝖞 𝖘𝖔𝖚𝖑</b>✈️: 🏴󠁧󠁢󠁥󠁮󠁧󠁿 🇮🇲 🇦🇷 🇵🇹 🇰🇷 🇵🇪 🇨🇴 🇪🇨 🇨🇱,False,1507,2262,439,None,False,True,False
255736885,renan_maarqs,Renan Marques,https://www.instagram.com/renan_maarqs/,É o que eu digo e faço</c> não suponho</c> sou milionário do sonho ✨️,True,327,753,2,None,False,False,False
867112778,fabris.ss,Fabricio,https://www.instagram.com/fabris.ss/,,True,295,718,17,None,False,False,False
5721093744,kevimvieira18,Kevim Vieira,https://www.instagram.com/kevimvieira18/,📚. Engenheiro Elétrico</b>Pai de duas princesas lindas!!! Sophia❤️Ayelle,True,558,1043,12,None,False,False,False
8934396944,gnr.rock,Mr R,https://www.instagram.com/gnr.rock/,,True,27,794,0,None,False,False,False
1600920567,_thiago_anjos,Thiago Anjos,https://www.instagram.com/_thiago_anjos/,𝑺𝑷</b>𝑳𝒗𝒍 25</b>@milly_souzalira 💍</b>07/12</b>𝑺𝒆 𝒗𝒆𝒎 𝒑𝒐𝒓 𝒃𝒆𝒎</c> 𝒑𝒐𝒅𝒆 𝒆𝒏𝒕𝒓𝒂𝒓. </b>𝑮𝒂𝒎𝒆𝒓 </b>𝑶𝒃𝒔𝒆𝒓𝒗𝒂𝒅𝒐𝒓 𝒅𝒆 𝒆𝒔𝒕𝒓𝒆𝒍𝒂𝒔,False,808,2202,59,None,False,False,False
62180220367,ubatubacasa49,Casa Perequê-Açu (Ubatuba),https://www.instagram.com/ubatubacasa49/,🏠Casa confortável para 5 pessoas</c> a 4 minutos a pé da praia!</b>- Churrasqueira 🥩</b>- Internet Fibra 📶</b>- Quintal grande 🏠</b>- Aceita Pets 🐶🐈‍⬛,False,1718,4520,36,https://wa.me/5512991280106,True,True,False
28090922225,bigbeautifulart,Big Beautiful Artist,https://www.instagram.com/bigbeautifulart/,Ele/Dele - Brasileiro</b>Pedidos via DM,False,1364,621,74,None,False,True,False
57767114326,opera_senpai27,Beatriz Caroline,https://www.instagram.com/opera_senpai27/,Anya chegou 01/02</b>escritora em processo de crescimento,True,257,766,44,None,False,False,False
9155760383,im.shimas,,https://www.instagram.com/im.shimas/,𝕀𝔽𝕊ℙ 🏛️ ⚙️</b> b̡̰̫̤̬͇e̡̘̜̝ ņ̝̠̠̖o̩̪̩̪̳͜t̨̠͈͍ a̢̞͈̰̥͖f̡͎̗̗r̢̠̤͇a̯͍͢i̧̯̤d⠀⠀🥇🀄️🏳️⠀⠀⠀     𓆩*𓆪.</b>                ⠀⠀⠀⠀⠀⠀⠀,True,2744,1887,0,None,False,False,False
58632880359,dadosedestinosrpg,Dados&Destinos,https://www.instagram.com/dadosedestinosrpg/,RPGistas que vivem aventuras fantásticas,False,3507,3113,226,https://youtube.com/@dadosedestinosrpg,False,True,False
50318815577,vidadecosplay,Coslifestyle | Cosplay,https://www.instagram.com/vidadecosplay/,🤩Cosplay é muito mais que só uma fantasia...é uma paixão</b>🤩 Cosplayers de todos os lugares do mundo</b>🤩 Divulgação de cosplayers,False,1578,4315,177,None,False,True,False
45031474775,desativei_vo_usar_uma_sokakaka,.✌️,https://www.instagram.com/desativei_vo_usar_uma_sokakaka/,Cosplay iniciante galerusca,False,86,57,0,None,False,True,False
2944973153,_orlandofarrell_,Orlando Farrell,https://www.instagram.com/_orlandofarrell_/,Voz Farrell </b>Movies</b>Chess Player,False,2843,2219,962,https://www.facebook.com/share/15TxinXViV/?mibextid=LQQJ4d,True,True,False
50302879710,yurimartinx,Yuri Martins,https://www.instagram.com/yurimartinx/,são paulo</b>análise e dev de sistemas 2/5</b>viva intensamente ✨</b>tiktok 30k+ @damontorrwnce,True,3448,2958,10,None,False,False,False
28929200412,botecodobenejundiai,Boteco do Benê,https://www.instagram.com/botecodobenejundiai/,ATENDIMENTO NO BALCÃO.</b>NOSSO CARDÁPIO É SAZONAL.</b>Funcionamento:</b>Seg à sex - 16h às 22h</b>Sáb - 12h às 18h (COZINHA ENCERRA ÀS 17h),False,20650,2979,217,None,True,True,False
60216947346,olhaaa_a_biobebee,ba,https://www.instagram.com/olhaaa_a_biobebee/,Oi</c> oi! Segue nossa menina @madykith !!,False,46,247,0,None,False,False,False
60176835633,giolamoglia.make,Giovanni Lamoglia,https://www.instagram.com/giolamoglia.make/,Maquiador  🏳️‍⚧️⚧️ </b>Cosplayer e promoter de eventos: @acezada</b>Amante de gatos 🐱,False,128,119,13,None,False,False,False
8759854640,mr.lucasmira,Lucas Mira,https://www.instagram.com/mr.lucasmira/,🇧🇷🇺🇲🏴‍☠️</b>Let your soul guide your mind !,True,281,590,76,None,False,False,False
61375500997,hiarick_tendtudo,Hiarick acessórios,https://www.instagram.com/hiarick_tendtudo/,Perfil destinado a divulgação de acessórios incríveis e imperdíveis através da shopee</c> links disponíveis nos stories para compra de produtos ou direct,False,49,183,7,None,False,False,False
11438640789,jazon_mormello,Jazon Mormello,https://www.instagram.com/jazon_mormello/,Prof de Música</c> Afinador e loja de piano. 40 Cursos</c> Cello</c>Violin</c>Guita</c>Piano Harpa</c>Sax</c>Batera</c>Compositor</c>CEO na @escolawavestation @mestre_dos_pianos,False,15666,7483,321,https://www.youtube.com/@escolademusicawave4944,False,True,False
1470777326,elton.gimenez,Elton Gimenez,https://www.instagram.com/elton.gimenez/,🍀,True,1224,2061,50,None,False,False,False
4614922234,lanju_ballet_fantasia,Lanju Raio de Sol,https://www.instagram.com/lanju_ballet_fantasia/,Contatos 4521-6908/  9 3474-7110 </b>BALLET 🩰  </b>Artigos de dança 💃🏼</b>Fantasias 🎭</b>Ha 35 anos atuando na GALERIA BOCCHINO </b>Rua Barão de Jundiaí 706</c> loja11,False,2648,3590,346,https://api.whatsapp.com/send/?phone=5511934747110,True,True,False
7986534895,omegael_rising,Omegael Rising,https://www.instagram.com/omegael_rising/,Perfil pra postar bobagens sobre games</c> mobile especialmente.</b>Equipamento novo</c> mais jogos pra experimentar.</b>Fotos e pensamentos: @omegael_risen,False,294,860,250,None,False,True,False
54969540403,_al_dan30,dan c,https://www.instagram.com/_al_dan30/,,True,25,474,0,None,False,False,False
4889029173,pacoca_arts_,Bruno Paçoca,https://www.instagram.com/pacoca_arts_/,Ilustrador/ animador/ Designer/ tatuador</b>Perfil de tattoo: @_buddhatattoo_</b>perfil pessoal: @_brnosnts_,False,2929,2286,116,None,False,True,False
32519778173,saitamabrazilian,Italo Santos,https://www.instagram.com/saitamabrazilian/,Comédia</c> Treino</c> Cosplay</c> Danças </b>Só um cara que treina por diversão 🤷🏻‍♂️👊😎</b>🇧🇷🇧🇷🇧🇷,False,2321,1549,145,None,False,True,False
1595025780,pedro_ballero,Pedro Henrique Balero,https://www.instagram.com/pedro_ballero/,Conta pedro_ballero desativada 🚫</b>Conta nova pedro_balero 🏳️,True,3142,7402,210,None,False,False,False
234264993,its_du,Eduardo Ferraz,https://www.instagram.com/its_du/,Um dia de cada vez!!,False,1064,1107,51,None,False,False,False
59075097046,isabeli.freitas.privado,ISA,https://www.instagram.com/isabeli.freitas.privado/,🧸💕 ᴜɴɪᴄᴀ ᴇ ᴠᴇʀᴅᴀᴅᴇɪʀᴀ ®</b>📍 | Conta secundária: @isabeli.freitas01,False,965,3472,0,https://linktr.ee/carlafreitasx,False,True,False
60359093052,candyvee_of,CANDY VEE🍓,https://www.instagram.com/candyvee_of/,Lollisafada</b>💞Alt model💞,True,134,539,0,None,False,False,False
451147680,evelyn__mendes1,Evelyn Mendes,https://www.instagram.com/evelyn__mendes1/,,False,1614,1443,24,None,False,True,False
1267736284,oigordssantos,Igor Santos,https://www.instagram.com/oigordssantos/,SP📍</b>28/12🥳</b>Gamer e Otaku🎮🍥</b>Se você pode sonhar</c> você pode realizar🧠🚀,True,1219,1074,23,None,False,True,False
6274784866,goroseijin_cos,Wells,https://www.instagram.com/goroseijin_cos/,°  31y ♎</b>° Cosplayer</b>° Sonserina 🐍</b>° Pan 🏳️‍🌈,False,394,630,53,None,False,False,False
3942059604,moisaevaristo,Moisés Evaristo,https://www.instagram.com/moisaevaristo/,,True,180,119,8,None,False,False,False
60214596443,dachshund_mel145,MEL | A SALSICHINHA 🍯,https://www.instagram.com/dachshund_mel145/,• Guardando boas memórias </b>• Mamãe @amanda_marques145,False,71,181,62,None,False,True,False
1798560402,emperio_tattoo,império_tatoo,https://www.instagram.com/emperio_tattoo/,𝓔𝓼𝓽𝓾𝓭𝓲𝓸 𝓮𝓶 𝓥𝓪𝓻𝔃𝓮𝓪 𝓟𝓪𝓾𝓵𝓲𝓼𝓽𝓪 🎨🖌️</b>𝓞 𝓼𝓮𝓷𝓱𝓸𝓻 𝓮 𝓸 𝓶𝓮𝓾 𝓹𝓪𝓼𝓽𝓸𝓻</c> 𝓷𝓪𝓭𝓪 𝓶𝓮 𝓯𝓪𝓵𝓽𝓪𝓻𝓪 🕊️,False,1177,7151,125,None,False,True,False
2872072939,annecaroline.y,Anne Caroline ༄,https://www.instagram.com/annecaroline.y/,• São Paulo | 26 anos </b>• algumas plantas</c> versos & universos °,False,1328,523,148,None,True,True,False
986380747,usedeadvita,deadvita,https://www.instagram.com/usedeadvita/,be proud of yourself</b>// lifestyle urbano //</b>estilo confortável</c> versátil e único.</b>🔺Drop 1 - feelings disponível🔺</b>Compre pelo WhatsApp 👇🏻,False,411,532,44,https://linktr.ee/deadvita,False,True,False
60535874678,lilyshineboutique,Lily Shine,https://www.instagram.com/lilyshineboutique/,✨️ Peças Exclusivas</b>📦 Enviamos para todo o Brasil </b>🛒 Compre pelo nosso site👇🏻,False,876,309,92,http://lilyshine.lojavirtualnuvem.com.br/,True,True,False
59239537119,hashira.shitpost,Hashira Shitpost (Alex),https://www.instagram.com/hashira.shitpost/,Memes de Otakus bêbados no role</b>🗓️ EM BREVE @revoadadoshashiras,False,1700,4130,136,None,False,True,False
6322678326,falaaaronlee,Aaron Lee,https://www.instagram.com/falaaaronlee/,Conteudos geek </c> nerd e otaku</b>Contato: 14991271179,False,8241,7005,399,https://www.tiktok.com/@falaaaronlee6,False,True,False
12641153259,vergilio_miguel,Virgilio Miguel,https://www.instagram.com/vergilio_miguel/,Alguém sabe pra que serve isso ?.,False,235,410,51,None,False,False,False
603941549,sah_starlight,Sarah Starlight | Cosplay,https://www.instagram.com/sah_starlight/,LVL 25 | SP</b>cosplayer 🧝‍♀️ girlcore geek</b>@pangeia96 🏷️SAHZ10,False,461,263,40,None,False,True,False
8766490163,binacarla1999,Sabrina carla,https://www.instagram.com/binacarla1999/,勇気を持って、優しくあれ。</b>Yūki o motte</c> yasashiku are 🌸,False,326,382,83,None,False,True,False
7731994676,vinigomescp,Vinicius Gomes,https://www.instagram.com/vinigomescp/,,False,1410,1126,148,None,False,True,False
7603103156,pedro_senseii,Pedro Isaac,https://www.instagram.com/pedro_senseii/,Contato na DM para Parcerias/Jobs</b>Lvl26</b>Figurinista</b>Tatuador</b>Quadrinista</b>rede vizinha pedrosenseii 190K+</b>@tavernadosenseii</b>@pedroisaac05,False,4484,2914,413,https://linktr.ee/pedrosenseii,True,True,False
59763811589,neurochabioharmonia,Professora</c> Biomédica Esteta Ortomolecular Ressonante,https://www.instagram.com/neurochabioharmonia/,Transformando vidas com equilíbrio e bem estar/Saúde mental e harmonia.🫀🧬</b>Conte com os meus cuidados e atenção!!!♀️♂️ 👶🏼 e tbm🐕🐱</b>11 99881-8798,False,2152,5204,245,None,True,True,False
319732533,josesampaio_,José Sampaio,https://www.instagram.com/josesampaio_/,Jundiaí - SP,True,550,971,3,None,False,False,False
59164652393,mands_cosplay,Amanda | COSPLAY,https://www.instagram.com/mands_cosplay/,COSPLAY | LIFESTYLE | ANIMES</b>📍SP | 26y</b>TIKOTEKO:,False,1890,1876,35,None,False,False,False
59691757284,consultoria.sarahmartins,📑 Consultoria Acadêmica em Saúde 🩺,https://www.instagram.com/consultoria.sarahmartins/,🔬Mestranda em Clínica Médica </b>🏆 Pós graduada em Docência em Saúde e Biotecnologia </b>💻Mentorias</c> Orientações</c> Revisões e Cursos</b>📚Descomplique seu TCC,False,165,640,7,None,True,True,False
44359425385,beccsfree,Becca 💜,https://www.instagram.com/beccsfree/,💜 Mona'ixi Aküle 💜,True,338,824,16,None,False,False,False
11095980358,yuma.cos,Yuma Miru,https://www.instagram.com/yuma.cos/,SEM SPAM DE LIKE ❌❌❌</b>cosplayer from Brazil 🇧🇷 </b>SP </b>Parcerias/ via email ou DM</b>7 anos como cosplayer 💖</b>entre no meu canal💕,False,9358,6843,46,None,True,True,False
50220255694,bandayoru,— Y 🟣 R U —,https://www.instagram.com/bandayoru/,Anime songs</b>NEXT ● ???</b>• @_wendellalves_ </b>• @analauradecollo </b>• @lurka_oliveira</b>• @rod_baixista</b>Jundiaí-SP,False,577,753,19,None,False,True,False
8491277202,thesweetlove__,Ana Carolina Torres,https://www.instagram.com/thesweetlove__/,𝖒𝖔𝖉𝖊𝖑𝖔 𝖊𝖗𝖔𝖈𝖔𝖘𝖕𝖑𝖆𝖞𝖊𝖗 {ցαмєя } 👾,False,2493,1062,10,https://instagram.com/thesw_eetlove?igshid=YmMyMTA2M2Y%3D,False,True,False
48617213729,xmind_santoandre,Xmind Escape Room Santo André,https://www.instagram.com/xmind_santoandre/,📍Unidade @atriumshopping</b>📍Escape Room</c> jogos pedagógicos</c> treinamentos e palestras personalizadas</b>Agendamento e mais informações no link⬇️,False,14974,2186,519,https://www.dguests.com/XMindEscapeRoom,True,True,False
60008658966,mariana_nasscimento,,https://www.instagram.com/mariana_nasscimento/,Luto Mãe 🖤🥀,False,431,1456,0,None,False,False,False
8456458156,andrealvesdearaujo28,André Alves de Araújo,https://www.instagram.com/andrealvesdearaujo28/,日本語の学生</b>作家</b>漫画家,True,1059,7500,30,None,False,False,False
50749466614,julia4n4_sant,jurubeba,https://www.instagram.com/julia4n4_sant/,Diadema😭</b>ADS 💻</b>💍@opa.bred,True,1097,1000,64,None,False,False,False
3630339943,cbjr_ssauro,Jack Li,https://www.instagram.com/cbjr_ssauro/,-"Fortes Fortuna Juvat"</b>@_et_julia 💖</b>🏳️‍🌈 Lésbica,True,398,314,175,None,False,False,False
8330698485,operiquita_,Periquita de Terno (Peri) 💐🦜,https://www.instagram.com/operiquita_/,▪️Não me pergunte o motivo do nome</b>▫️♡: @itz_tettezinha</b>▪️"A vida é cômica demais para levá-la a sério"</b>▫️ @ninho.fest,False,672,769,3,None,False,False,False
453882477,lserverus,Leonardo Rodrigues Claudiano,https://www.instagram.com/lserverus/,Lvl 29</b>Stremier</c> Desenhista</c> Escritor</c> Designer</c> Main Riven/Kindred</b>Apenas um leão,False,688,2243,342,http://www.twitch.tv/lserverus,False,True,False
8422027292,shizue.tk,Shizue,https://www.instagram.com/shizue.tk/,🇧🇷🇯🇵</b>-Conta cosplay</b>-Cirurgiã Dentista </b>@jordi_pier_calvo 🩵💍</b>♈️,True,3264,1007,230,None,False,False,False
49962423120,uchihamillgrau,Kado_Cosplay,https://www.instagram.com/uchihamillgrau/,⚜ Cosplayer</b>⚜ Cosmaker iniciante</b>⚜ Gamer </b>⚜ Desenhista,False,968,2817,75,https://vm.tiktok.com/ZM8YrtXcD/,False,False,False
12326584358,madson.victor,Madson Victor,https://www.instagram.com/madson.victor/,Projeto Thor 2027*,False,2170,1697,27,None,False,False,False
522358537,will_barbosa75,will,https://www.instagram.com/will_barbosa75/,°98° 💍°</b>°Ads_UMC°👨🏻‍💻2/4°</b>°Em busca dos meus sonhos 🏴‍☠️👒❤️°,False,2172,3292,232,None,True,True,False
59584551428,ace.cosmaker,Ace - Wigstylist / Propmaker,https://www.instagram.com/ace.cosmaker/,AGENDA ABERTA </b>São Paulo - SP 🇧🇷</b>Perucas com aspecto mais natural</b>Informações nos destaques</c> dúvidas e orçamentos na DM.</b>@acezada,False,224,117,23,None,True,True,False
6446102922,snow.kjj,𝑺𝒏𝒐𝒘❄️🦇,https://www.instagram.com/snow.kjj/,🏳️‍🌈 - ²² ʸ </b>📍ˢᵖ ⁻ ᵇʳ</b>📚 ʳᵉᶜᵘʳˢᵒˢ ʰᵘᵐᵃⁿᵒˢ</b>🤟 ᶦⁿᶦᶜᶦᵃⁿᵗᵉ ᵉᵐ ˡᶦᵇʳᵃˢ</b>🦅 @corinthians 🖤,False,3305,1690,120,None,False,True,False
1348076116,rike_mayers,Ricky Myers,https://www.instagram.com/rike_mayers/,Cosplayer,False,2018,6704,42,https://www.tiktok.com/@rikemayers1/video/7536392551922683142?is_from_webapp=1&sender_device=pc&web_id=7536392950321464837,False,True,False
39427489633,artsstarfire,Starfire,https://www.instagram.com/artsstarfire/,Artista Digital e Streamer no Roxinho </b>https://twitch.tv/LucasStarfire</b>Apreciador de Jogos 🎮</b>Designer Gráfico!,False,242,1026,85,http://behance.net/LucasStarfire,False,True,False
348654047,janderinnocent,Jander Silva,https://www.instagram.com/janderinnocent/,Fotógrafo Still</b>Filmmaker</b>Editor de vídeo</b>São Paulo -SP</b>Email: JanderInnocentfilms@gmail.com,False,1839,3126,330,None,False,False,False
59340497474,maid.line,Aline Campos,https://www.instagram.com/maid.line/,Maid Line</b>˳  𝆬🍪 𝅄 Servindo entretenimento🥛˳</b>♡#Tropadasmaids♡</b>Fujoshi</b>♌</b>❤️ @lobinhodotrance ❤️</b>Semideusa #C3</b>Membro: @tropadasmaids</b>#MaidLine #Baixinha,False,255,305,25,None,False,False,False
30801935,rnarumi,Reinaldo Narumi Shinmachi,https://www.instagram.com/rnarumi/,hey ;D,False,1200,1460,212,https://boardgamegeek.com/user/rnarumi,False,False,False
2959242578,_pretty.raven_,Martha Bolseiro,https://www.instagram.com/_pretty.raven_/,🥀 𝖍𝖊𝖑𝖑𝖔 𝖘𝖙𝖗𝖆𝖓𝖌𝖊 🥀 </b>✞︎ 𝔖𝔞̃𝔬 𝔓𝔞𝔲𝔩𝔬 ✞︎ </b>☽︎ • 122 𝕬𝖓𝖔𝖘 • ☾︎,False,1525,687,9,https://open.spotify.com/playlist/10RfK8mJKDb72u1UCLVtxz?si=5m1AnoXGSQ6uqW6wA-oKHw&pi=TkRoRsmHSPmvN,False,False,False
14774066712,eu_amanndass,,https://www.instagram.com/eu_amanndass/,,True,2214,4302,14,None,False,False,False
55003997351,wellfurt,Well Furtado,https://www.instagram.com/wellfurt/,🖥️ Programador</b>DJ - Trance</b>@trancsymusic</b>Cabo Frio - RJ,False,398,579,5,None,False,False,False
369144910,luiz_felipe_leite_,Luiz Felipe Leite,https://www.instagram.com/luiz_felipe_leite_/,Desbravando esse mundo caótico. </b>Namorando com a @analuizaferreiralves,False,1794,3605,535,None,False,False,False
1412255270,hatake.paulo,Paulo Hatake,https://www.instagram.com/hatake.paulo/,Photographer</c> Producer</c> Promoter</c> Geek and Cosplayer</b>🇧🇷 SP 89' </b>Dm job/colab</b>@paulo.maf professional profile. @hatakefotografia events profile,False,2522,2724,879,None,False,True,False
1294530967,omegael_risen,Walter • Omegael,https://www.instagram.com/omegael_risen/,Fotos e pensamentos aleatórios</b>Ψ Psicologia</b>🎮 Games</b>📷 Fotografia</b>♉🐉 Signos</c> pra quem tiver curiosidade</b>@omegael_rising - meu perfil de games.,True,966,3557,60,None,False,False,False
561202537,nathy_mandu,Natasha Mandu,https://www.instagram.com/nathy_mandu/,25 anos💁🏽‍♀️</b>SP- São Paulo🏠</b>Aeroviário 🦅✈️</b>libra♎</b> 💍</b>🔥🛞🗡️👑,False,447,1054,51,None,False,False,False
3125479684,felps._.y,Filipe Matias,https://www.instagram.com/felps._.y/,,True,194,310,1,None,False,False,False
32905074858,jonatan_smelo,Jonatan Melo,https://www.instagram.com/jonatan_smelo/,Day one or one day? </b>Salve os filhos de ganga</b>Salve os filhos de pemba </b>🔱🌿,True,585,2082,24,None,False,False,False
1567071407,juisbored,Skia (ju),https://www.instagram.com/juisbored/,• Apresentadora e Diretora de Produção na @wtvbrasil</b>• Cosplayer @revengersbrasil_ / @teyvatdobrasiloficial</b>Don't panic,False,1298,2323,333,None,False,False,False
53599421583,antiontem_,ANTIONTEM,https://www.instagram.com/antiontem_/,Banda formada por gente estranha</b>que faz uma barulheira mais estranha ainda.</b>• OUTRA PIADA PRA TE ALEGRAR,False,2090,1679,17,http://linktr.ee/antiontem,False,True,False
221422828,matheus_matuda,Matheus Matuda,https://www.instagram.com/matheus_matuda/,👷‍♂️ Engenheiro Civil </b>✈️ Viagens </b>🎮 Curto uns animes e jogos aí,False,1371,1414,52,None,False,True,False
48302098630,acezada,Ace ♦️ (Giovanni 🏳️‍⚧️),https://www.instagram.com/acezada/,..~° Welcome to the Ace's hot megaverse </b>25 | 🏳️‍⚧️ | ENTP |💍💍🔒 </b>💄Maquiador ✂️Wig Stylist</b>📆 Next: 30/08 Bailão Otaku </b>Cupom: </b>🔥Contato: DM,False,1476,1074,130,https://linktr.ee/acezada,False,True,False
38189449267,cos.persefone,Kore Morningstar,https://www.instagram.com/cos.persefone/,× 23 invernos ❄️ | Avy Jorrãelan</c> @mau_loiola</b>× Cosplayer ✨ | Revoada Influencer 🤍</b>× Next Party: Loading...</b>× Técnica em Serviços Jurídicos,False,1866,1648,250,https://linktr.ee/kush.cos,False,True,False
1992509672,instakillme,Braz,https://www.instagram.com/instakillme/,@branquinha_ninfa2 💍❣️,False,1817,3000,1,None,False,True,False
52060985257,rox.notfound,r o x,https://www.instagram.com/rox.notfound/,🌱 Lvl: 24 | 🌾SP | ESFP | 💍💍</b>📍Pessoal : @gab.faravallo</b>💥 Promoter de Eventos</b>🎫 Contato: DM,False,571,477,51,https://shotgun.live/pt-br/festivals/bailao-otaku-11-edicao-neo-funk-open-bar,False,True,False
5941431814,gabssvictoria,gabss🫧,https://www.instagram.com/gabssvictoria/,⚖️</b> brasil</c> sp | 22</b>@choi3an</b>@aerichandesu,True,1350,2690,1,None,False,False,False
2116760454,derek_fenix,Derek,https://www.instagram.com/derek_fenix/,💀</b>Cosplayer,False,2029,1288,41,None,False,True,False
5784597581,brunaperesin,Bruna Peresin | Terapeuta Capilar,https://www.instagram.com/brunaperesin/,⚜️FOCADA EM CUIDAR BEM DE VOCÊ ⚜️</b>💆🏻‍♀️Cortes e Tratamentos Personalizados</b>🌿Bioativos Orgânicos e Veganos</b>📚Graduação Anhembi Morumbi</b>📲Fale comigo,False,1726,1517,65,https://wa.me/message/UVXHK64F33QIJ1,False,True,False
59341697393,umatch.saude.unicid,Umatch UNICID 👀,https://www.instagram.com/umatch.saude.unicid/,8.753 alunos da UNICID já estão na Umacht!</b>Se você foi seguido você ganhou um convite</b>Descubra quem te quer na UNICID👇,True,10,107,3,None,False,False,False
45786968969,iagorangeli,Iago Rangeli,https://www.instagram.com/iagorangeli/,Ator 🎭</b>Dublador🎙️</b>📰Jornalista</b>🎙️Host do AniBRCast (@anibrstudios ),False,773,2750,37,https://linktr.ee/anibrcast,False,True,False
319061818,erikacosta_oficial,Erika Costa,https://www.instagram.com/erikacosta_oficial/,Cantora e compositora </b>🎤Vocalista @banda_amar </b>🎧YouTube: https://youtube.com/@erikacosta3416</b>🌄Jundiaí - Sp,False,2067,1213,186,None,False,True,False
51795305404,jhonatan_ramos_oakley,Jhonatan Ramos,https://www.instagram.com/jhonatan_ramos_oakley/,,True,193,1596,8,None,False,False,False
2216846510,guganews88,Gustavo Araujo,https://www.instagram.com/guganews88/,,True,245,575,2,None,False,False,False
58160339074,2021modernaformacao,Auto escola Moderna,https://www.instagram.com/2021modernaformacao/,🔥 Instagram voltado para promoções de primeira habilitação da AutoEscola Moderna 🚘,False,231,488,27,None,True,True,False
7306902442,simplisim.decoracoes,𝑷𝒐𝒓 𝑫𝒂𝒍𝒊𝒍𝒂 𝑿𝒂𝒗𝒊𝒆𝒓 - 𝑬𝒔𝒑𝒆𝒄𝒊𝒂𝒍𝒊𝒔𝒕𝒂 𝒆𝒎 𝑨𝒎𝒃𝒊𝒆𝒏𝒕𝒂çã𝒐,https://www.instagram.com/simplisim.decoracoes/,• Decorações para Casamento em SP</b>• Flores permanentes realista </b>• Diversos modelos adaptados ao seu estilo e orçamento. </b>Converse conosco ⬇️,False,13911,2737,1562,https://wa.me/message/J4XUO3F4M5QTE1,True,True,False
6011913914,karoliny._kahhlopes,𝖐𝖆𝖗𝖔𝖑𝖎𝖓𝖞 𝖑𝖔𝖕𝖊𝖘,https://www.instagram.com/karoliny._kahhlopes/,|  🕯️📿Axé</b>|💄Maquiadora </b>| 𝐶𝑜𝑛𝑣𝑒𝑛𝑐𝑖𝑑𝑜 𝑒𝑢 𝑚𝑒𝑠𝑚𝑜 𝑛𝑎̃𝑜 𝑝𝑟𝑜𝑐𝑢𝑟𝑜 𝑐𝑜𝑛𝑣𝑒𝑛𝑐𝑒𝑟 𝑜𝑠 𝑑𝑒𝑚𝑎𝑖𝑠</b>|💍@john_avant13,True,3093,518,50,None,False,False,False
57790463455,mindyysp,mindy ♱*:·,https://www.instagram.com/mindyysp/,• infp </b>• designer </b>• sp,False,669,630,2,http://last.fm/user/mindysp,False,True,False
12796576142,glaucocristianodiasleite,Glauco Crıstıano Dıas Leıte,https://www.instagram.com/glaucocristianodiasleite/,,False,123,172,9,None,False,False,False
58042443117,linpssypretty,Linpsy Pretty,https://www.instagram.com/linpssypretty/,💎• Maquiador Profissional</b>📍• Jundiai - SP 🇧🇷</b>💸• Parceria via direct</b>💌• linpsypretty@gmail.com</b>❤️• Empreendedor @henrickpradoo</b>👩🏻‍💻• Agende seu horário,False,44,291,3,None,True,True,False
33942433646,r4ulzitos,raulzao,https://www.instagram.com/r4ulzitos/,@_rauljonaitis_,False,148,329,1,None,False,False,False
58086951819,orgasmodevenus,Vênus Sexshop,https://www.instagram.com/orgasmodevenus/,Prazeres dignos de uma Deusa do amor ❤🔥</b>Entrega para todo Brasil 🇧🇷</b>Embalagem anti-fofoqueiros 📦,False,15,7,7,https://linktr.ee/orgasmodevenus,True,True,False
54837860244,j0hncostta,John⚡️,https://www.instagram.com/j0hncostta/,Que tudo flua e nada influencie 😝</b>- Salvador BA 🏠</b>- Jundiaí SP 📍,True,211,710,10,None,False,False,False
270128061,jazzmartins,Jessy Martins,https://www.instagram.com/jazzmartins/,♉ Touro</b>🎨 Artlover</b>🎮 Gamer</b>🎲 RPGista</b>🧶Crocheteira</b>🌈🎆🆓</b>🌟 @ursa_menor_craft 🎀</b>🎐 @jezz.draw ♥️,False,461,844,537,http://www.facebook.com/cupcakehoje,False,False,False
8174730862,fernandokelb582,Fernando Kelvin,https://www.instagram.com/fernandokelb582/,Música na alma</c> violino nas mãos. 🎻</b>Vivendo entre cafés e desafios. ☕💡</b>Sempre com ela no coração. 💌 💍 Ana C.,True,352,406,68,None,False,False,False
57052414640,brunarcastel,Bruna RCastel,https://www.instagram.com/brunarcastel/,L🤍💍,True,147,344,1,None,False,False,False
187951242,valeriatabatha,Valéria Tabatha,https://www.instagram.com/valeriatabatha/,✨@khenme2k 💙</b>✨CLT e Empreendedora Digital,False,415,368,14,https://curt.link/BI7LTZ,False,True,False
5770387088,felipegabrielfranzini,Felipe Gabriel Franzini,https://www.instagram.com/felipegabrielfranzini/,Jesus é o caminho a verdade e a vida Joao 14:6</b>•💍,False,1393,936,4,None,False,False,False
3555529755,afro.loma,Paloma Soares,https://www.instagram.com/afro.loma/,Doce</c> fluida & correria 🐆 🍯 @pauloamorimv ❤️‍🔥💍👰🏽🤵🏼‍♂️,False,1634,6602,940,None,False,True,False
270957897,jeffbgross,Rodrigo Gross,https://www.instagram.com/jeffbgross/,𝗥𝗼𝗱𝗿𝗶𝗴𝗼 𝗚𝗿𝗼𝘀𝘀 </b>🎸🎶𝙈𝙐́𝙎𝙄𝘾𝙊</c> 𝘾𝘼𝙉𝙏𝙊𝙍 𝙀 𝘾𝙊𝙈𝙋𝙊𝙎𝙄𝙏𝙊𝙍🎶🎸</b>Confiram ai o Single Poemas de Amor</b>👇,False,16857,7295,2971,None,False,True,False
606088153,augustotellestattoo,GUTO TELLES TATTOO,https://www.instagram.com/augustotellestattoo/,• Black Work • Old School</b>• Jundiaí/SP</b>• Orçamentos por link abaixo,False,4102,2551,682,http://bit.ly/AugustoTellesTattoo,False,True,False
23122120958,natalia_simionato,Natalia Conceição,https://www.instagram.com/natalia_simionato/,Consciente do meu valor</c> nada mais me abala. ✨☝🏻♥️</b>Mãe minha estrelinha ⭐🖤</b>💍@luaan011_</b>🤰🏼💙 Ravi,False,970,1075,56,None,False,True,False
1190034059,cabanagrilrestaurante,Cabana Grill Restaurante,https://www.instagram.com/cabanagrilrestaurante/,Tradicional restaurante em Itupeva e região </b>⏱️ Requinte e sabor em meio a natureza. </b>Mês com super desconto para nossos seguidores,False,2279,5978,95,http://www.cabanagrillrestaurante.com.br/,True,True,False
10184683203,noturno_films,Noturno Films,https://www.instagram.com/noturno_films/,Noturno Films é o nosso canal/página/semi revista para entregar conteúdos</c> críticas</c> análises e listas sobre tudo o que é a Sétima Arte!,False,205,201,422,https://youtu.be/DteADw3xhzw?si=y6li9l4smqUdVQEE,False,True,False
5423296285,carlos_lucasskt,Carlos Lucas,https://www.instagram.com/carlos_lucasskt/,@zulimnileones ❤️💍</b>Tec. segurança trabalho,True,240,539,8,None,False,False,False
985253032,ste_ohana,Stefanye Ohana,https://www.instagram.com/ste_ohana/,📚Engenharia de Produção </b>👸@giovanna.comitre </b>💍@geovannafielsantos </b>📍 Cabreúva</c> SP,True,1297,4857,14,None,False,False,False
7534167032,vivesrenan,Renan Vives,https://www.instagram.com/vivesrenan/,Long Live Rock 'N' Roll</b>Gastrônomo 🧑‍🍳</b>SPFC 🔴⚫⚪</b>28</c> ♐️ </b>Jundiaí</c> SP📍,False,713,1130,4,None,False,False,False
779204409,anamatopeia_,Ana Paula Lima,https://www.instagram.com/anamatopeia_/,Professora.</b>Graduada em Letras 🎓</b>Pós Graduada - Análise da Semiótica. ⚜️</b>@joelmirribeirosilva ❣️,True,2266,3178,289,None,False,False,False
6945477456,voolpii,LUCAS VOLPI,https://www.instagram.com/voolpii/,•♋ • Jundiaí - SP,False,9104,6313,198,None,False,True,False
530169026,_kakaaraujo,Karen Araújo,https://www.instagram.com/_kakaaraujo/,📌Jundiaí-SP</b>24 anos 😌🙃</b>Dream without fear.</b>   I have a dream ❣️</b>Love without limits. ✌😄,True,1474,1831,18,None,False,False,False
54796660140,art.underground2,Art Underground Tattoo estúdio,https://www.instagram.com/art.underground2/,Studio de tatuagem</b>Whatsapp: Alex: (11)93903-7499 </b>Tatuador @alex_tattoo_18</b>Adm @kah.soares13,False,3244,6804,258,None,True,True,False
5399557870,_rauljonaitis_,Raul Jonaitis,https://www.instagram.com/_rauljonaitis_/,,True,491,812,2,None,False,False,False
48313368147,livyoujoias,Livyou Joias,https://www.instagram.com/livyoujoias/,,False,528,1060,7,None,True,True,False
790757851,sou_my.q,Michael Moraes,https://www.instagram.com/sou_my.q/,2.4 Years</b>7/10 Engenharia Ambiental</b>Legen...       Wait for it...        Dary,False,727,1447,35,None,True,True,False
48499018727,guilhermeaze97,guilhermeaze97,https://www.instagram.com/guilhermeaze97/,26 - Dev 💻</b>@luizabriamonte 💍💚❤️,True,324,386,1,None,False,False,False
14883140848,dassaevduarte,DASSAEV SANTOS DUARTE,https://www.instagram.com/dassaevduarte/,,True,238,467,111,None,False,False,False
557173124,hello.strngr,ɐɹɐʎʞ,https://www.instagram.com/hello.strngr/,bon vivant ✨,False,1731,1788,1606,None,False,False,False
2980933171,mandsgambini,Amanda Gambini,https://www.instagram.com/mandsgambini/,☀️♍🌙♒</b>@plpjundiai 💪👊</b>🎧🎬🍿🐶🌱🧘‍♀️✈🌍,False,2845,3977,0,None,False,True,False
54757067518,tiate.atelie,Tiatê,https://www.instagram.com/tiate.atelie/,ARTESANATOS | CROCHÊ </b>🧶Lojinha online de artesanatos </b>🧶Trabalhamos sob encomendas </b>📍Caieiras- Sp,False,125,298,25,None,False,False,False
40053055699,noturno_tatto,Lucas Dias,https://www.instagram.com/noturno_tatto/,,False,169,448,40,None,False,False,False
6102946363,bielsantos199,Gabriel Santos Silva,https://www.instagram.com/bielsantos199/,@flamengo ❤️‍🔥</b>Pisciano ♓️</b>BA/SP 🍃 </b> ❤️</b>05/03/1999.  "Um coração grato bate no mesmo compasso que os planos de Deus"🖤❤️🙏,True,1711,2695,42,None,False,False,False
52600361716,usuariofuturo1,🤍,https://www.instagram.com/usuariofuturo1/,Sigo de volta :) Psico 4/10,False,39,105,1,None,True,True,False
54519282895,a.lfafa,@lfafa,https://www.instagram.com/a.lfafa/,"Não é o Fabio”</b>@n0tfabio,False,172,676,7,None,False,False,False
1403958718,madu.branddao,Eduarda Brandão,https://www.instagram.com/madu.branddao/,JDI / PE 🌵 </b>Gestão de pessoas 💼</b>@marietasdoces,False,3056,2780,56,None,False,False,False
53828220170,crimespelomundo,Crimes pelo o Mundo,https://www.instagram.com/crimespelomundo/,Crimes perplexos</c> criativos</c> horríveis e até cômicos que ocorreram pelo mundo</b>🧐🕴️💰,False,59,159,4,None,False,False,False
52819079372,art.undergroundbr,Art Underground Tattoo estúdio,https://www.instagram.com/art.undergroundbr/,Studio de tatuagem e camisetas personalizadas.</b>☎️ Contatos (Whatsapp):</b>Alex: 11 93903-7499</b>Carlinhos: 11 9 9316 5428,False,1716,6233,133,None,True,True,False
1416594513,jhow.vieira_,Jh0w,https://www.instagram.com/jhow.vieira_/,26 anos </b>Conta Cosplay:@cos.jhow</b>TikTok: .jhow1 📸</b>💀🤘🏼,True,477,1066,62,None,False,False,False
5813883537,theus_teruel,☠️Theus Teruel☠️,https://www.instagram.com/theus_teruel/,Gym Life🏋🏻   </b>Creatina é na @ozionpro</b>🏷️TERUEL99 @athenyx.vlnx</b>🏷️TERUEL  @metabolizarsuplementos</b>🏷️THEUS @bora.nutrition,False,2226,6409,76,None,False,True,False
207928167,josy_maya,Josy Maia Monholoni,https://www.instagram.com/josy_maya/,Que seja infinito o que nos faz bem [...],True,390,387,308,None,False,False,False
922261160,_luismotta,Luis Motta,https://www.instagram.com/_luismotta/,Não me importa q dizem e pensam sobre mim ñ vou mudar meu jeito de ser por causa dos outros!,True,147,407,372,None,False,False,False
1306718226,hey.natcha,Natalia Gabrieli,https://www.instagram.com/hey.natcha/,Se você nasceu pra arte</c> sua alma é dela - 💛,True,1958,1045,54,None,False,False,False
2182852910,faberson_,Faberson Furquim,https://www.instagram.com/faberson_/,A vida é muito curta pra não ir atrás daquilo que incendeia sua alma ✨,True,1211,3821,18,None,False,False,False
5598496689,ddaniellyyyy,Danielly Pinheiro,https://www.instagram.com/ddaniellyyyy/,📍SP | 22y 🇧🇷</b>• @studiodanypinheiro,False,787,566,6,None,True,True,False
7735805012,leoomagalhaes__,Leonardo,https://www.instagram.com/leoomagalhaes__/,,False,2076,993,18,None,False,True,False
1280276921,bea_cerchiaro,Beatriz Cerchiaro,https://www.instagram.com/bea_cerchiaro/,Ser simples é o que te faz ser grande💥,True,185,2239,188,None,False,False,False
1771052863,leongois,Leon Gois,https://www.instagram.com/leongois/,,True,127,1303,50,None,False,False,False
1440341123,andersonaraujog,Anderson Araujo,https://www.instagram.com/andersonaraujog/,Administrador </b>📍 SP</b>🇾🇪 @saopaulofc </b>          “Deus honra“ ☝🏽✨,True,5796,4342,69,None,False,False,False
20476469183,personal_leornardo,______🏋️‍♂️PERSONAL LEONARDO,https://www.instagram.com/personal_leornardo/,.</b>🎯》Eu te ajudar a chegar no seu objetivo </b>🏋️‍♂️》Bacharel em Ed. Física </b>🌎》Moro em São Paulo</b>🤼‍♂️》Boxe Muay thai</b> JA TREINOU HOJE</b>📱》Chame no Direct,False,250,1158,257,None,False,False,False
1052114624,leo_santos_277,leo santos,https://www.instagram.com/leo_santos_277/,marketing digital 💯💯</b>dono L.A lanches 🥱 😍😍</b>promotor de eventos</b>sagitariano </b>2y? rs veio kkk</b>casado 💍 @sarahf_alves,True,12525,5471,146,None,False,False,False
48504991255,novinhoroludo1894,,https://www.instagram.com/novinhoroludo1894/,,False,657,2938,0,None,False,False,False
7276172098,minduwin,Mindu,https://www.instagram.com/minduwin/,Podcast: Videojogadores </b>Quase tudo me diverte.,True,393,489,125,None,False,False,False
40869730204,cidnei_cuzao_chupa_meu_peni,Leonardo Chaves,https://www.instagram.com/cidnei_cuzao_chupa_meu_peni/,Chama meu amigo ele tá solteiro coisa mais linda +55 11 96079-3025,True,322,5357,0,None,False,False,False
49883342678,vilaca.foto,Fabrício Vilaça,https://www.instagram.com/vilaca.foto/,Fotógrafo SP</b>#moda #aniversarios #natureza #festas #gastronomia,False,3236,3424,75,https://contate.me/vilaca.foto,False,True,False
245511213,_okay_tafarelo,Anna Tafarelo,https://www.instagram.com/_okay_tafarelo/,🍻,True,1683,3628,11,None,False,False,False
42422779744,nataliasilvaaa___,natália,https://www.instagram.com/nataliasilvaaa___/,,False,283,269,1,None,False,False,False
45652776354,otaldomateuslirio,Mateus Lírio,https://www.instagram.com/otaldomateuslirio/,🎭 Professor de Teatro | EAJ & EAI</b>Acreditando no poder transformador do teatro</b>#TeatroParaTodos #ExpressãoCorporal #arteeducação,False,1673,1251,453,None,False,True,False
52220243291,bveggiecongelados,BVeggie!,https://www.instagram.com/bveggiecongelados/,Hambúrgueres congelados veganos🌱</b>DESATIVADO NO MOMENTO</b>Jundiaí-SP📍</b>Feitos com muito carinho 💚</b>Encomendas via Direct!📨,False,158,603,24,None,True,True,False
48257264139,_diamondzs,Diamond | Designer,https://www.instagram.com/_diamondzs/,💡Serviços digitais </b>✨Proprietária • @_anajuuhh</b>📩 Contato: anajustorez@gmail.com</b>📌 Solicite seu orçamento 👇🏻,False,188,224,3,https://wa.me/message/RE2R4K5POQKEN1,True,True,False
10815868044,duduchianca,Eduardo Chianca,https://www.instagram.com/duduchianca/,· apaixonado pela vida 🌎</b>· CEO @dyxpanoramicos · @openskyfestival </b>· piloto ✈️</b>· arquiteto 📐</b>de joão pessoa 🏝</b>🏠🇧🇷 | ✈️🇦🇷🇨🇱🇲🇽🇺🇸🇵🇹🇪🇸🇬🇧🇫🇷🇳🇱🇩🇪🇧🇪🇵🇾,True,2219,1518,106,None,False,False,False
622647125,guilhermezaka,Guilherme Augusto,https://www.instagram.com/guilhermezaka/,-“. The climb may be long but the view is worth it.”</b>32y,True,185,1028,14,None,False,False,False
6765236886,mariamargaretebbaldan,Maria Margarete B Baldan,https://www.instagram.com/mariamargaretebbaldan/,,False,210,517,43,None,False,False,False
51807062038,hunt.er7411,Antônio Aparecido,https://www.instagram.com/hunt.er7411/,,False,434,6902,6,None,False,True,False
226294242,babugue,Gregory Rocha,https://www.instagram.com/babugue/,“When you lose someone you love</c> they never really leave you.  They just move into a special place in your heart.”,True,399,1424,12,None,False,False,False
52100007865,campinasrockeira,Heavy Metal is the Law,https://www.instagram.com/campinasrockeira/,Perfil de memes de rosqueiros . E divulgação de shows e bandas apesar da zoeira levaremos algumas coisas a sério!!!!!,False,1024,2859,261,None,False,True,False
373268778,stefanie_rms,Stefanie,https://www.instagram.com/stefanie_rms/,25 ♈︎ | Sp </b>Living my life the best that I can</b>𖹭 @chris.losx,True,357,425,8,None,False,False,False
21905607830,kathy_6897,Katheriny ☠️,https://www.instagram.com/kathy_6897/,🏳️‍🌈</b>"O mundo me transborda" ☠️,True,335,1825,32,None,False,False,False
51031583321,sc.ryan_,Ryan Conceição,https://www.instagram.com/sc.ryan_/,Experiências & Conexões 🧘‍♂️🍃🧭,False,374,358,9,None,False,False,False
4031665245,vivisteves,vivi,https://www.instagram.com/vivisteves/,Biomedicina 💉🔬</b>Filha do mar 🌊,False,1219,2627,74,None,False,True,False
1785257062,nallinkaique,Kaique Nallin,https://www.instagram.com/nallinkaique/,Produtor Audiovisual 🎥🎬</b>Estudante de História 3/8 📓</b>Baixista: @rockstationoficial 🎸,True,403,2484,30,None,False,False,False
47316172121,inkasatattoo,Evaldo Corrêa,https://www.instagram.com/inkasatattoo/,Atendo no estúdio @pablotattooshop </c> em Fco da Rocha/SP Rua Belardo Alves de Andrade 136 </b>Agendamentos: (11) 947882735,False,865,2220,80,None,True,True,False
50279948083,he.loisa6015,Heloisa,https://www.instagram.com/he.loisa6015/,Heloísa❤️🇧🇷🇧🇷</b>Loca</b>😆😆😆😆😆,False,110,731,690,None,False,True,False
46386909028,leonardo470silva,Leonardo Silva,https://www.instagram.com/leonardo470silva/,,False,55,130,2,None,False,False,False
50579706870,so_belisca,Só Belisca,https://www.instagram.com/so_belisca/,EQUIPE DE PESCA ESPORTIVA</b>• Pescar e soltar sempre 🎣</b>• Pesca esportiva no ❤️</b>• Louveira- SP</b>Grupo de rifas 👇👇,False,69,41,9,http://wa.me//+5511963847434,False,True,False
652237843,_rodrigoads,Rodrigo Sá,https://www.instagram.com/_rodrigoads/,🎸🎨🎮🎱✝️</b> 🥁 @abandaverbena</b>🥁@theboyzzoficial</b>🥁@jackdan.oficial </b>🥁@compliance.ofc,True,1136,3736,15,None,False,False,False
41009463210,surf_vt,Victor VT,https://www.instagram.com/surf_vt/,💍,False,1126,392,8,None,False,True,False
592414582,danny_moonwolf,Danielly Simonetti,https://www.instagram.com/danny_moonwolf/,🏴‍☠️ @equipetekkai • 🧚🏻‍♀️Cosplayer • 🎮 Gamer • 💬 Parcerias • 🇧🇷 SP,False,2399,692,88,None,False,True,False
425919421,lucassteps,Lucas Passos,https://www.instagram.com/lucassteps/,🎬 Bacharel em Cinema e Audiovisual</b>🎥 Explorando histórias através da lente da câmera </b>🎭 Amante das artes </b>🎂 25 anos</b>📍 De Várzea City pro mundo 🌎,False,1824,1771,79,https://lucassteps.myportfolio.com/,False,True,False
12775355706,rodrig7495,Sofia Rodrigues,https://www.instagram.com/rodrig7495/,,True,311,744,73,None,False,False,False
2089713174,d.j.s.i.n.g,Mizael Philip,https://www.instagram.com/d.j.s.i.n.g/,🔥🕉️</b>T r a n c e  L i f e s t y l e  </b>..........................................</b>Jundiaí SP - 1999</b>@sing.vilela,False,798,1265,10,http://www.naofalamaldavarzea.com/,False,True,False
2237714599,luucas.rocha17,Լucas Rocha,https://www.instagram.com/luucas.rocha17/,♐Sᥲgιttᥲrιᥙs,False,1078,1725,2,None,False,False,False
676053794,vi_lambert,João Vitor Lambert,https://www.instagram.com/vi_lambert/,Bless this Immunity🌀,True,445,649,121,None,False,False,False
626818151,areta_garcia,Are ✨,https://www.instagram.com/areta_garcia/,@ares_atelie</b>Álbum de fotografia. </b>costureira. atriz. escritora. empresária. estudante de moda. </b>📍RJ SP BA,False,1448,2146,154,None,False,True,False
1415680819,felipedelfino_,Felipe Delfino 🌙,https://www.instagram.com/felipedelfino_/,25y</c> Sp - Brasil📍 🇧🇷  </b>Assessor Bradesco UHV 👨🏻‍💻🏦 - Jundiaí 📍 </b>Sintetel SP 👷🏻</b>Enfermagem 🫀📚🩺</b>Filho da Rainha do Mar 🌊🧜‍♀️,False,11708,7487,93,None,False,True,False
2064593469,robertajacob76,Jacob 🫶,https://www.instagram.com/robertajacob76/,Off-line,True,347,1506,0,None,False,False,False
41626201225,_guizzpaiva,Gui Paiva ✨,https://www.instagram.com/_guizzpaiva/,🕺🏼 Bailarino </b>🙋🏼Professor</b>🧠 Coreógrafo </b>📚 Cursando EF</b>⛑ Salva Vidas </b>🏳️‍🌈</b>001's,False,2226,3263,53,None,False,False,False
38825033829,gustavocostx,gusta,https://www.instagram.com/gustavocostx/,BR 🇧🇷,True,1523,1318,6,None,False,False,False
972105397,__itsnicc,Nicoli Chagas,https://www.instagram.com/__itsnicc/,📍 𝚂ã𝚘 𝙿𝚊𝚞𝚕𝚘</b>  𝙰𝚛𝚒𝚊𝚗𝚊</c> 𝟷𝟿𝟿𝟽.</b> 💍💕,True,1015,1192,106,None,False,False,False
29453341277,karolgiraldelli,Karolaine Giraldelli,https://www.instagram.com/karolgiraldelli/,Afinal quem não Adora Black</b>Trans 🏳️‍⚧️ 2.7</b>Gratidão 🌻</b>Gestão de Recursos Humanos 📚 3/4,True,1470,449,24,None,False,False,False
17652392304,mor_machado11,Isis Machado,https://www.instagram.com/mor_machado11/,trans girl 🏳️‍⚧️</b>peixes </b>Jundiaí- sp,True,592,2280,20,None,False,False,False
3539923794,henrritado_,Claudio Henrique,https://www.instagram.com/henrritado_/,Thi/Rob 💍🤎🤎💛,False,1044,1052,221,https://instagram.com/claudiohenriquestudio?igshid=MzRlODBiNWFlZA%3D%3D,False,False,False
4948913074,tainanoovaes,𝔱𝔞𝔦𝔫á,https://www.instagram.com/tainanoovaes/,𝙹𝚞𝚗𝚍𝚒𝚊𝚒 </b>Ψ | 𝙿𝚜𝚒𝚌𝚘𝚕𝚘𝚐𝚒𝚊</b>@tainaaraujoo.psicologia,False,2181,1824,4,None,False,True,False
1454804470,leone_leite,Leone Leite,https://www.instagram.com/leone_leite/,A verdade é como poesia. A maioria das pessoas odeia poesia! </b>"Wubba lubba dub dub!",False,616,1483,781,http://fragmentosexistenciais.wordpress.com/,False,True,False
49512001370,moussinsp,moussin - o melhor mousse de sp,https://www.instagram.com/moussinsp/,chegamos para ser sua sobremesa preferida ✨️,False,1615,6827,0,None,False,True,False
1772830996,victor_oli0412,Victor Oliveira,https://www.instagram.com/victor_oli0412/,Koi no yokan,True,565,501,21,None,False,False,False
2187537126,castttro.001,,https://www.instagram.com/castttro.001/,,True,1982,910,0,None,False,False,False
3915598819,eehelio,Helio Linhares Alexandre,https://www.instagram.com/eehelio/,29 anos </b>Campinas-SP,True,142,348,0,None,False,False,False
40772504041,concept.tattoopiercing,Concept Tattoo/AlemaoTattoo,https://www.instagram.com/concept.tattoopiercing/,⚜️Alemao Tattoo⚜️</b>Tatuando ha 30 anos realismo</c>fine line</c>tribais</c>florais…</b>Atendimento personalizado,False,628,700,234,https://api.whatsapp.com/send?phone=5511971395688&text=Gostaria%2520de%2520fazer%2520um%2520or%25C3%25A7amento%21%2520,True,True,False
42080221673,vitaoaugusto_,Victor Augusto,https://www.instagram.com/vitaoaugusto_/,,False,275,266,13,None,False,False,False
45705895447,victorborregos,Victor Borregos,https://www.instagram.com/victorborregos/,VictorBorregos - “Como eu te amo TRICOLOR”🇾🇪❤️ </b>🧡 A minha Espada é a palavra do Amor</b>#perdão </b>#compaixão,False,186,860,3,None,False,False,False
49068162823,romari5299,Romário Soares,https://www.instagram.com/romari5299/,,False,10,9,0,None,False,False,False
34724010802,horrorsim,Horror Sim,https://www.instagram.com/horrorsim/,🔪Horror</c> horror e mais horror</b>🎬 youtube/horrorsim</b>📺 tik tok/horrorsimvideos</b>💀 horrorsimcontato@gmail.com,False,11859,6799,3491,None,True,True,False
12598737214,natalia.miorim.makeup,Natalia Miorim Makeup,https://www.instagram.com/natalia.miorim.makeup/,💄Especialista em Noivas </b>🌸Madrinhas</c> Formandas e Debutantes. </b>✨A mágica acontece aqui✨</b>Contato: (11) 9 9678-3266 ou click abaixo↙️,False,2454,4200,1573,https://bit.ly/2VC6gzE,True,True,False
47525871416,pulsarsolidario,Marmita do Bem agora é Pulsar Solidário,https://www.instagram.com/pulsarsolidario/,Apoio a comunidades carentes 🏘️</b>Moradores em situação de rua ❤️‍🩹</b>Ajudamos outros projetos sociais 🤝</b>Novo pix: pulsarsolidario@gmail.com,False,507,1075,25,https://api.whatsapp.com/send?phone=5511947483224,True,True,False
3317545265,raffatoleedo,Rafaela 🥰,https://www.instagram.com/raffatoleedo/,🤍😘,True,593,238,5,None,False,False,False
48452393557,annedrawsit,Anne Flores - Desenhos,https://www.instagram.com/annedrawsit/,🌺Commissions Abertas para Arte Digital🌺</b>- Somente traçado preto: R$20</b>- Traçado e pintura simples: R$35</b>(Dependendo do pedido valor pode variar),False,173,295,15,None,False,False,False
48521050803,leia.a.bio.migs_,,https://www.instagram.com/leia.a.bio.migs_/,Obrigada,True,6,4964,0,None,False,False,False
6297547126,luccenali,Alice,https://www.instagram.com/luccenali/,,False,3425,1389,0,https://linktr.ee/Luccenali,False,True,False
2346273874,dankhappy,Daniel Rafael,https://www.instagram.com/dankhappy/,,True,293,667,6,None,False,False,False
1639122235,julie.inoi,Juliete Inoi,https://www.instagram.com/julie.inoi/,,False,529,702,1105,None,False,False,False
265777053,boardbrazuca,Boardgames / Jogos de tabuleiro e RPG,https://www.instagram.com/boardbrazuca/,🤌Sincericídio no mundo dos Board Games e RPG;</b>😉Criador de conteúdo independente;</b>🐲 Histórias e partidas épicas.</b>🌆Brasília-DF,False,31565,6118,263,None,True,True,False
530229078,juniorarcanjo_,Junior Arcanjo,https://www.instagram.com/juniorarcanjo_/,Um jovem negro em movimento ✊🏾✨,False,3532,4707,475,None,False,True,False
12733767879,byscoop,Gustavo Silva,https://www.instagram.com/byscoop/,Jundiaí-SP,False,106,415,7,http://twitch.tv/byscoop,False,True,False
8033713901,noelisousa1,Noeli Sousa,https://www.instagram.com/noelisousa1/,🌹Eu nasci para ser verdadeira</c> não para ser perfeita.</b>🏡  Caarapo MS,True,864,2438,39,None,False,False,False
1597081473,megalucavariedades,Megaluca,https://www.instagram.com/megalucavariedades/,Presentes</c> decoração</c> utilidades</c> papelaria</c> brinquedos e ferramentas</b>WhatsApp: (11) 4521-4253</b>Telefone: (11) 3964-9995,False,956,1304,111,https://linktr.ee/Megaluca,True,True,False
36297258171,luhtoleedo,Luh Toledo,https://www.instagram.com/luhtoleedo/,,True,281,310,23,None,False,False,False
38418003677,fernandabatits,@Onanda,https://www.instagram.com/fernandabatits/,◇♡♤♧,True,87,359,8,None,False,False,False
26006098678,hessel.tazz,taz,https://www.instagram.com/hessel.tazz/,Nosce te ipsum 💫,False,366,456,11,None,False,False,False
5555679851,alanaoie,Alana,https://www.instagram.com/alanaoie/,𓆝 𓆟 𓆞,True,618,610,110,None,False,False,False
8885981731,n4tt0__,Natan Hermes  🏄‍♂️,https://www.instagram.com/n4tt0__/,Eu não tenho Sonhos</c> tenho Objetivos.</b>- Jundiaí / SP🏙</b>- 1 9 9 9 / 25y ♈ </b>- Administração📈</b>-Treinos 70kg 1.81m💪</b>- Descendência Alemã🇩🇪</b>@natoonatan,True,897,1217,10,None,False,False,False
46947701892,sspinart,Rafael Santiago Spina,https://www.instagram.com/sspinart/,🇧🇷 Brasil-SP</c> 27yo</b>Drawings / Paintings / Mangá,False,145,171,13,http://twitch.tv/laminarei,False,True,False
1992049950,eliana_errera_carvalho,Eliana Errera Carvalho,https://www.instagram.com/eliana_errera_carvalho/,,True,355,2185,64,None,False,False,False
46493617431,saude.conect,Saúde Conect,https://www.instagram.com/saude.conect/,Sua saúde conectada 😄😀,False,14,40,2,None,False,True,False
4032048278,_binho.00,Hebert Luiz,https://www.instagram.com/_binho.00/,Seja você mesmo</c> pra que gostem de você por quem você é.... e não pelo que você tem ✌</b>FFC 🇭🇺,True,575,1735,46,None,False,False,False
42185711885,angel_iossi,Angelica Iossi,https://www.instagram.com/angel_iossi/,,True,534,1601,9,None,False,False,False
7243671867,matosgeazi,Geazi Matos,https://www.instagram.com/matosgeazi/,₪ SP</b>₪ 26</b>₪ 💍 @ste.xny,True,170,167,2,None,False,False,False
1751225466,kelly_diiniz,Kelly Diniz,https://www.instagram.com/kelly_diiniz/,📍011</b>▪️25y</b>📚 Recursos Humanos </b>🦙 @mateuspimentart</b> 🏳️‍🌈,False,648,596,18,None,False,False,False
23188399079,olivaraquelperez,Raquel Perez,https://www.instagram.com/olivaraquelperez/,Pedagoga e praticante de barras de access</b>Adoro desenho e pintura em tecido.,False,347,477,102,https://www.canva.com/design/DAE3cBm3yKE/AkGmOQKa1zVUiaAEwrVxTA/view,False,False,False
44818086765,doularute,Doulα Rute,https://www.instagram.com/doularute/,🤱🏻𝙳𝚘𝚞𝚕𝚊 𝚎 𝙴𝚍𝚞𝚌𝚊𝚍𝚘𝚛𝚊 𝙿𝚎𝚛𝚒𝚗𝚊𝚝𝚊𝚕</b>📌𝙹𝚞𝚗𝚍𝚒𝚊𝚒 𝚎 𝚁𝚎𝚐𝚒𝚊𝚘,False,221,247,3,https://linktr.ee/doularute,True,True,False
1403005793,adeilsonborduel,Adeilson Borduel | Fotógrafo,https://www.instagram.com/adeilsonborduel/,Fotografia criativa</c> Lifestyle</c> Aleatório💡</b>Documentário 📽</b>@rettratum_ 📸</b>@rettratumbusines_ </b>@borduelfotos</b>Açailândia/MA📌</b>Dúvidas e Orçamentos 👇,False,11515,6991,297,https://topfotos.com.br/perfil/adeilson-borduel,False,True,False
22635063770,neverlandtable,NeverLand Table,https://www.instagram.com/neverlandtable/,Mesas lúdicas </b>para board game</c> </b>feitas sob medida!,False,11033,7375,265,None,True,True,False
2337655356,_dryy__,Andrielly 💖,https://www.instagram.com/_dryy__/,Jundiaí - SP</b>Mamãe do Piettro 💙</b>23 years</b>💍,True,498,699,18,None,False,False,False
293950807,draliecimara_esteves,DRA LIECIMARA ESTEVES | HARMONIZAÇÃO JUNDIAÍ,https://www.instagram.com/draliecimara_esteves/,Trago sua jovialidade de volta ✨</b>Harmonização Facial✨</b>📍JUNDIAÍ,False,5148,908,184,https://linktr.ee/draliecimara_esteves,False,True,False
304533340,kinhajd_,Lucas Eduardo,https://www.instagram.com/kinhajd_/,Eu sou um</c> mas não sou só! 🌹🎩🎲</b>Capricorniano ♑️  BR. SP. Jundiaí📍,True,4105,885,164,None,False,False,False
44355459105,brickhouse_tdr,Brick House Traduções,https://www.instagram.com/brickhouse_tdr/,Traduções Ing-PT/Br</b>• Currículos</c> e-mails</c> propostas de negócio</c> apresentações</c> legendas</c> etc.</b>• Contato aqui ou brickhousetraducoes@hotmail.com,False,77,520,1,None,False,False,False
14928255229,noxiusbranco,Rodrigo Tiago Silva Branco,https://www.instagram.com/noxiusbranco/,,True,196,752,50,None,False,False,False
617727689,pitter_panda,Pedrø Leite,https://www.instagram.com/pitter_panda/,Pitter Panda</b>Produtor de Progressive Trance 🎧❤,False,1774,1002,67,https://linktr.ee/pitterpanda,False,True,False
8514179414,mandy_.o_,Amanda 🍃,https://www.instagram.com/mandy_.o_/,Existindo apenas</b>23 y,False,850,636,62,None,True,True,False
1080448264,augusto_pantani,Augusto Pantani,https://www.instagram.com/augusto_pantani/,,True,391,842,328,None,False,False,False
1736849147,byscoopx,Guuh Siilva,https://www.instagram.com/byscoopx/,🏠 Jundiaí - SP,False,1681,909,2,http://twitch.tv/byscoop/,False,True,False
39473571323,clouset_brecho,Desapego Mãe & Filhas,https://www.instagram.com/clouset_brecho/,🛍️ Roupas</c> calçados e acessórios </b>⚡️Garimpos e curadoria por @luana_cserrano</b>✨ Peças novas e usadas</b>📍 Jundiaí - SP</b>📦 Enviamos pra todo Brasil 🇧🇷,False,1013,2066,29,None,False,True,False
43788063104,vandersoncsouza_,Vanderson C. Souza | Massoterapeuta,https://www.instagram.com/vandersoncsouza_/,Expert em liberação miofascial | Inibição da dor</b>+ de 5 anos de experiência! 🚀</b>Eleito 2x o melhor massoterapeuta de Louveira!🥇</b>Louveira-SP e região.📍,False,1521,966,4,https://vandersonsouza.my.canva.site/,False,True,False
34121039754,britoschurros,BritosChurros,https://www.instagram.com/britoschurros/,🎠Sabor da infância</b>🥳Festas</c> Feiras e 🎭 Eventos</b>Quer adoçar sua festa?  👇🏾</b>Reserve a data pelo WHATSAPP,False,1411,2969,75,http://wa.me/5511966314117,False,True,False
42656421721,corretor_fiel,Juliano Fiel,https://www.instagram.com/corretor_fiel/,,False,255,844,8,None,True,True,False
13385451099,angelicaoliveira191,Angelica Oliveira,https://www.instagram.com/angelicaoliveira191/,,True,366,731,112,None,False,False,False
19836294824,claytonmion,Clayton Mion,https://www.instagram.com/claytonmion/,No man can eat 50 eggs.,True,289,369,14,None,False,False,False
32479609895,gira_burgermd,Gira Burger Morro Doce🍔,https://www.instagram.com/gira_burgermd/,🍔🍔🍔🍔🍔</b>O Burger artesanal do Morro Doce</b> Venham provar nossos lanches e porções!</b>(11) 97439 3606 - Whatsapp</b>🍔🍔🍔🍔🍔,False,987,1664,30,None,False,True,False
2044560667,r.thiagotr,Thiago Torres,https://www.instagram.com/r.thiagotr/,,True,314,771,27,None,False,False,False
7739074890,rebca.f,Rebeca Fernandes,https://www.instagram.com/rebca.f/,𝒊𝒎𝒂𝒈𝒆𝒏𝒔 𝒄𝒐𝒏𝒕𝒂𝒎 𝒉𝒊𝒔𝒕ó𝒓𝒊𝒂𝒔.</b>❤️‍🔥 Jesus vive!</b>👩🏻‍💻 @rfern4nds__ </b>📸 @arruda_digital</b>⛪️ @ieqguanabara__,False,1379,906,23,None,False,True,False
606788732,gabrielcamaragomes,Gabriel Camara,https://www.instagram.com/gabrielcamaragomes/,The port is the safest place for a boat</c> but it was not meant to be there; your destiny is to navigate. 🇧🇷🇳🇿 🇲🇽,True,797,1026,232,None,False,False,False
41488167910,cafecomagente_,Nathalia e Gabriel,https://www.instagram.com/cafecomagente_/,Insta pessoal @hey_marcondes </b>@tinoco_ga,False,52,62,0,None,False,True,False
15428137402,crow.br,CROW | Acessórios Masculinos,https://www.instagram.com/crow.br/,Acessórios exclusivos para o homem moderno.</b>Produção própria.</b>🛒 Compre pelo nosso site 👇🏽,False,822,5660,28,https://www.usecrow.com.br/,True,True,False
9708436957,lontrassauro,André Rodrigues,https://www.instagram.com/lontrassauro/,,True,220,1971,5,None,False,False,False
41528948781,_vetsaude,VET SAÚDE 🦠,https://www.instagram.com/_vetsaude/,• INDAIATUBA - SP 🇧🇷</b>📚 @uniedukoficial </b>🩺 Perfil direcionado para agregar conhecimento a toda população envolvendo saúde humana</c> animal e ambiental 🧬,True,23,31,8,None,False,False,False
3064269828,n0tfabio,Fabio Henrique,https://www.instagram.com/n0tfabio/,•@a.lfafa•,True,598,933,14,None,False,False,False
39770033050,mariabonita.photostudio,Maria Bonita Fotografia,https://www.instagram.com/mariabonita.photostudio/,🍀Especialista em foto de Axé</b>🦋Capturando energia e essência </b>🌍Jundiaí - SP </b>🌻Faça seu orçamento ⬇️,False,105,135,31,http://wa.me/5511998712929,True,True,False
11214468991,apostademilhoessp,Aposta de Milhões 🍀,https://www.instagram.com/apostademilhoessp/,Todos os sorteios ao preço único de R$ 0</c>99 🤑</b>Sorteio pela Loteria Federal! 🧑‍⚖️</b>100% seguro! 🔏</b>Parte do valor arrecadado é destinado á causa animal🐶🐱,False,146,224,3,https://rifa.digital/rifa/Apostademilhoessp,True,True,False
39883494221,hightechjundiai,High Tech </c> Jundiaí,https://www.instagram.com/hightechjundiai/,💻|Formatação e instalação de drivers</b>🖱|correção de erros e otimização do sistema</b>⚙|instalação de  de programas </b>●entrar em contato para outros serv●,False,103,461,3,https://high-tech-jundiai.negocio.site/?m=true,True,True,False
8058218939,beathousepubb,BEAT HOUSE PUB,https://www.instagram.com/beathousepubb/,🔥 Suas noites com mais histórias para contar.</b>🍻 Boteco e Balada 4 QUA à SÁB</b>🛵 DELIVERY | 84 9702-9327,False,2238,4992,17,https://linktr.ee/beathousepub,True,True,False
9540093718,beck_do_becker,Squirtle Boy,https://www.instagram.com/beck_do_becker/,Interaja ou rala</b>Só posto merda msm ent fdc</b>Bebam agua</c> fiquem em kza e pau no cu do bonossauro,True,55,271,43,None,False,False,False
178162272,math_0402,Matheus Vinicius Oliveira,https://www.instagram.com/math_0402/,,True,234,297,25,None,False,False,False
5430409055,vinicius_becker8,Vinícius Guilherme Becker Nascimento Silva,https://www.instagram.com/vinicius_becker8/,ADM - UFPR🎓 </b>POA-RS ✈ MAO-AM ✈ CWB-PR</b>23 parte 2📽,True,1395,1351,59,None,False,False,False
3121112130,viszentainer,Mafe ⛧,https://www.instagram.com/viszentainer/,⋆˖⁺‧₊☽◯☾₊‧⁺˖⋆</b>hi!! helloo!!<3</b>Apenas uma Fernanda com apelido de Maria Fernanda.</b>Meu perfil é basicamente minha playlist no Spotify 😋,False,1984,3747,173,None,True,True,False
955090377,j_xstin98,𝐉,https://www.instagram.com/j_xstin98/,,False,327,3128,0,None,False,False,False
9685444442,samuel_tremea,Samuel Treméa,https://www.instagram.com/samuel_tremea/,📊 Estatística - UFSCar </b>✒ Escritor quando dá na telha</b>❤ Pokémon</c> Yoga e Eurovision,False,629,938,19,None,False,False,False
271347249,anne.ism,Anne Flores,https://www.instagram.com/anne.ism/,29yo - 🇧🇷 / Mommy of 3 👧🏻🧒🏻👶🏻</b>🦁 Leonina / Colorada 🇦🇹</b>Malakian Fan since 2011 ❣️,False,792,2013,829,None,False,False,False
38102042361,folheados_oficinaarteencantada,Folheados OficinaArteEncantada,https://www.instagram.com/folheados_oficinaarteencantada/,,False,39,103,8,None,False,False,False
542513067,julyagram,Julia,https://www.instagram.com/julyagram/,✨ Made in Amapá ✨,True,2267,1722,38,None,False,False,False
31729797934,princesadoslots2,Caah,https://www.instagram.com/princesadoslots2/,- Dicas </b>- consultória</b>- Faturando 🤑🤑,False,590,1209,61,https://game.brlwin.com/?code=wlfsug,True,True,False
31333644550,gabilimapolo,𝕲𝖆𝖇𝖗𝖎𝖊𝖑𝖑𝖆 𝕻𝖔𝖑𝖔,https://www.instagram.com/gabilimapolo/,,True,466,2522,55,None,False,False,False
1521141097,mporschel,May Porschel,https://www.instagram.com/mporschel/,🧑‍💼Gerente de vendas e marketing</b>Na empresa TechZatt (tecnologia)</b>💏 Amor da minha vida @fernandosantosdebrito,False,6397,4868,136,https://techzatt.mercadoshops.com.br/,True,True,False
3935506770,geminiloka,Talita Santana 💄,https://www.instagram.com/geminiloka/,Administração 📚</b>Imagino flores com cores que não existem em nenhum jardim. 🌈🎨,False,7572,5254,27,None,False,False,False
1512771319,paulorober.to75,Paulo Rodrigues,https://www.instagram.com/paulorober.to75/,,False,520,1309,236,None,False,False,False
27923246218,burgerbrasil12,BurguerBrasil,https://www.instagram.com/burgerbrasil12/,Estamos fazendo parcerias com blogueiras </c> em uma loja nossa ! Interessado chama direct! Ganhos altos !,False,1181,4145,19,https://bit.ly/2MpTKjO,True,True,False
33380293573,trovoesdearuanda,Trovões de Aruanda,https://www.instagram.com/trovoesdearuanda/,🍷Canta um ponto</c> se for antigo melhor ainda🌹,False,56,55,4,None,False,False,False
2032599798,deto_rocha,Wellington,https://www.instagram.com/deto_rocha/,Campo Limpo Paulista,False,844,4273,9,None,False,False,False
6189817694,luamantovani20,luana mantovani,https://www.instagram.com/luamantovani20/,🌻R♡-casada e apaixonada </b>♉Taurina</b>📿Umbandista-dirigente espiritual </b>🌝artesã dona do @luadearuanda_guias_artesanais </b> 🕊"Quem me protege não dorme"🎩🌷🌻🌼🍷,True,215,1222,519,None,False,False,False
256079084,bre_lmendoza,Brenda,https://www.instagram.com/bre_lmendoza/,,True,164,432,37,None,False,False,False
29920812473,chocolatesdasreginas,Reginas,https://www.instagram.com/chocolatesdasreginas/,Ovos de páscoa das Reginas 🍫</b>(11)996400843</b>Feito com os melhores ingredientes</b>Garoto® BarryCallebaut® Nutella® Produtos Ferrero®,False,161,226,34,None,True,True,False
29121193981,rafanyematos,Rafanye Wagner,https://www.instagram.com/rafanyematos/,Offline</c> mas vivo,False,230,387,0,None,False,False,False
36535825,_willlll_,William Apolinário,https://www.instagram.com/_willlll_/,🎸,True,4797,2976,602,None,False,False,False
28110872289,palharimichael,Michael Palhari,https://www.instagram.com/palharimichael/,,True,298,630,47,None,False,False,False
27234784725,oliveralorenzo182,lorenzooliveira,https://www.instagram.com/oliveralorenzo182/,,False,32,59,14,None,False,False,False
25851990548,eng.giovanacardoso,Eng. Giovana Cardoso,https://www.instagram.com/eng.giovanacardoso/,✒Engenheira Civil </b>🖌Designer de Interiores </b>💡Lighting Design</b>📱(11)97138-9191</b>📩 giovanacardoso.96@gmail.com</b>Perfil pessoal @_giovanacardoso,False,415,833,10,None,True,True,False
25853528056,omgpedroso,Pedro,https://www.instagram.com/omgpedroso/,Jundiaí - SP,False,10424,764,5413,None,False,True,False
21818112270,simplesdetalhes_decora,🅂🄸🄼🄿🄻🄴🅂 🄳🄴🅃🄰🄻🄷🄴🅂,https://www.instagram.com/simplesdetalhes_decora/,Que não se perca a capacidade de se encantar com o que é simples 🌻❤ </b>E-commerce decorações e presentes  🎁</b>Facilitando  suas escolhas</b>Whatsapp:,False,203,593,7,https://bit.ly/2WppFFf,True,True,False
6105443496,desativeeee.8,,https://www.instagram.com/desativeeee.8/,,False,2203,4065,0,None,False,True,False
286867909,duranfabs,Fabi Duran Prampolim 👱🏻‍♀️,https://www.instagram.com/duranfabs/,@vinicius.prampolim 💍🤵🏼‍♂️</b>𝑻𝒖𝒅𝒐 𝒑𝒐𝒔𝒔𝒐 𝒏𝒂𝒒𝒖𝒆𝒍𝒆 𝒒𝒖𝒆 𝒎𝒆 𝒇𝒐𝒓𝒕𝒂𝒍𝒆𝒄𝒆 • 𝑭𝑷 𝟒:𝟏𝟑 </b>𝑺𝒆 𝑫𝒆𝒖𝒔 𝒆́ 𝒑𝒐𝒓 𝒏𝒐́𝒔</c> 𝒒𝒖𝒆𝒎 𝒔𝒆𝒓𝒂́ 𝒄𝒐𝒏𝒕𝒓𝒂 𝒏𝒐́𝒔? • 𝑹𝑴 𝟖:𝟑𝟏,True,3038,1670,42,None,False,False,False
15415596396,pri.mo.nu,PRI MO NU,https://www.instagram.com/pri.mo.nu/,🐍,False,70,192,7,None,False,False,False
313751933,leticiafachinelli,Leticia Fachinelli,https://www.instagram.com/leticiafachinelli/,Massagem Terapeutica </b>Formação Senac</b>•Liberação Miofascial•Shiatsu•Ventosa•Aroma</b>Agenda aberta </b>📍Rua Jacarandá</c> Vale do Capão</c> Chapada Diamantina BA,False,1687,2301,46,https://wa.me/message/4ZNSAKS57VSGP1,False,True,False
549440457,slitsloja,SLiTS,https://www.instagram.com/slitsloja/,Loja em Jundiaí-SP</c> mais de uma década de amizades! </b>Pedidos pelo site com entregas pessoalmente em toda região de Jundiaí.,False,5747,4932,3766,http://www.lojaslits.com.br/,True,True,False
4160230805,aline.haol,...,https://www.instagram.com/aline.haol/,,False,181,875,0,None,False,False,False
738277915,danielfci,Daniel Inacio,https://www.instagram.com/danielfci/,Mais do que tatuar</c> marcar vidas.</b>Consulte preço e disponibilidade de horário,False,428,872,559,None,False,True,False
17079752787,elisnobre92,Elis,https://www.instagram.com/elisnobre92/,💍Casada com o amor da minha vida</b>🔬Biomédica</b>♥️ Nada é impossível para um coração cheio de vontade 🌻,True,363,637,3,None,False,False,False
14710719329,lord_of_tchays,Lord of Tchay 'S,https://www.instagram.com/lord_of_tchays/,Tchay 🥤</c>  a bebida que vai colorir a sua mente🍾..</b>Agora em Itupeva 💈.</b>Execução de festas🎊</c> eventos 🎭 e atendimento a domicílio 🛋🎭,False,81,542,4,None,True,True,False
3279979479,yunus.bakan,🌼 Amanda Charlson,https://www.instagram.com/yunus.bakan/,👮🏻‍♀️-Estudante de Nutrição 🌼</b>🍗 Confiar em Deus e nunca se decepcionar 🙏🏻👑!,True,234,6634,13,None,False,False,False
273058055,ioh_falabella,Iohane Falabella,https://www.instagram.com/ioh_falabella/,"Torna-te aquilo que és" 🍃,True,873,909,46,None,False,False,False
14479353469,paulo_borkowski,Paulo Borkowski,https://www.instagram.com/paulo_borkowski/,.,True,106,143,0,None,False,False,False
3478145406,mairastudioms,Studio M’s,https://www.instagram.com/mairastudioms/,Sob o comando de Maira Machado</c> especialista em Mega Hair</c> Mecha e Coloração. Há 20 anos realçando a autoestima de cada cliente. 💇‍♀️💖,False,10971,6554,1080,http://wa.me/5511965469264/,False,True,False
10244926308,lapfoto,L'Aperture,https://www.instagram.com/lapfoto/,Capturando e produzindo pra você.</b>🗺️ Campinas-SP,False,496,484,314,None,True,True,False
7109428542,david.baldan,David Baldan,https://www.instagram.com/david.baldan/,,True,338,463,152,None,False,False,False
10593333178,livrementecabreuva,L I V R E M E N T E 🍃🍃,https://www.instagram.com/livrementecabreuva/,Queremos alertar para um mal que se perpetua em segredo em nosso meio. </b>Nossa inspiração é o respeito e o amor ao próximo.</b>#naoaoabusoinfantil,False,174,1182,4,None,True,True,False
2518063559,patyandrade_businesswoman,Paty Andrade,https://www.instagram.com/patyandrade_businesswoman/,Temos um excelente tratamento pra quem quer perder peso e melhorar a qualidade de vida. </b>♥ Eliminei 31k em 4 meses♥</b>𝒯𝓊𝒹𝑜 𝓉𝑒𝓂 𝓊𝓂 𝒫𝓇𝑜𝓅ó𝓈𝒾𝓉𝑜,False,3342,3251,658,None,True,True,False
12092995941,remoracamisaria,Rêmora Camisaria | Desde 1998,https://www.instagram.com/remoracamisaria/,▶️ Há 27 anos no mercado</b>👔 Confecção própria </b>📦 Atacado e Varejo</b>📍Rua Silva Teles</c> 366</b>☎️ (11) 2157-3908</b>🛍 Pedidos via direct ou Whatsapp </b>👇,False,841,1786,87,https://wa.me/5511966223704,False,True,False
6677408339,angelskinb,𝔟𝔶 𝔉𝔢𝔯𝔫𝔞𝔫𝔡𝔬 𝔏𝔢𝔬𝔫𝔞𝔯𝔡𝔬✨,https://www.instagram.com/angelskinb/,📍Jundiaí-SP</b>👄Beauty Influencer </b>📹Tiktok (+26k)</b>📧ccontato.fernando@gmail.com,False,11498,3906,809,https://linktr.ee/iamangelskin,True,True,False
259499625,tevoness,Matheus Pereira,https://www.instagram.com/tevoness/,@vonesmusic - Full On </b>Josiane❤️</b>🤍🖤 Corinthians minha vida</c> minha história</c> meu amor!,False,1211,1108,127,https://youtu.be/prQk-_X-X3g,False,False,False
11790804147,feiratuttibuonagente,Feira: Tutti Buona Gente,https://www.instagram.com/feiratuttibuonagente/,Conhecendo Jundiaí e região de outra maneira ☺️</b>.</b>Organização: @isalourenzon</b>.</b>.</b>Confere sobre nossa Primeira edição no link abaixo 👇🏼,False,692,2707,76,None,True,True,False
11820740998,j.r_modas_123,J.R.Modas,https://www.instagram.com/j.r_modas_123/,⭐ Jussara</b>📱11996843612</b>👗Venda de roupas</b>💼 Delivery de roupas em Jundiaí.🚗</b>☎️Compre pelo link📲</b>Entregamos em todo 🇧🇷</b>Pgto: cartões de crédito e,False,257,940,45,None,True,True,False
4021724299,stylepower_,STYLE POWER,https://www.instagram.com/stylepower_/,,True,510,3882,0,None,False,False,False
8311861615,uniq.4,UNIQ 4 🕶 ✨ Seja Uniq ✨,https://www.instagram.com/uniq.4/,DICAS - LANÇAMENTOS 🕶</b>😎 Você Arrasando com um Óculos Maravilhoso! </b>💕 Você Incrível Sempre</b>✈️ De SP direto para sua Casa! 🏚</b>📱Chama no WhatsApp 👇🏻,False,4422,6900,545,https://linktr.ee/uniq.4,False,True,False
11618874234,desativeiiiiiiiiooiioooooo,desativei,https://www.instagram.com/desativeiiiiiiiiooiioooooo/,,True,1139,3565,900,None,False,False,False
1707517857,gothardiregina,Regina Gothardi,https://www.instagram.com/gothardiregina/,“Wherever I go</c> I meet a new piece of myself.”</b>🇧🇷🇦🇷🇵🇾🇨🇼🇺🇸,False,1447,2175,48,None,False,False,False
10368601006,valeriapickart,Valéria Pickart Violato,https://www.instagram.com/valeriapickart/,,False,139,206,122,None,False,False,False
10600059892,gp.narguilaria,Essências Jundiaí,https://www.instagram.com/gp.narguilaria/,melhor loja se essência da região,False,79,398,2,None,False,False,False
9270295038,dk_milinha,kamila,https://www.instagram.com/dk_milinha/,,False,249,1040,0,None,False,False,False
191117965,desativadocspm,,https://www.instagram.com/desativadocspm/,,True,786,844,0,None,False,False,False
9687461544,naatfonseca,Nattaly Fonseca,https://www.instagram.com/naatfonseca/,♊️🩺📚🎧🤘🏻🍉🌵🐾🍔🦖👩🏻‍❤️‍💋‍👨🏽</b> 27 anos. </b> Enfermeira consultora em amamentação 🤱 </b> Controle de Infecções 🦠,True,805,2889,77,None,False,False,False
9408414485,felipe.romero10,Felipe Romero,https://www.instagram.com/felipe.romero10/,,True,92,411,0,None,False,False,False
1049464563,lukeess_,luke,https://www.instagram.com/lukeess_/,🌊🌪️🦋❤️Idiota,False,1140,2466,69,None,False,False,False
9432976407,tommizonka,Kindmaz.shop,https://www.instagram.com/tommizonka/,,False,11,70,10,None,False,False,False
496237066,leotomass,Léo Tomas 🐯,https://www.instagram.com/leotomass/,,True,337,337,8,None,False,False,False
1388974450,vickbasa,𝒱𝒾𝓉ℴ́𝓇𝒾𝒶,https://www.instagram.com/vickbasa/,Valorize sua personalidade. 🤎</b>•STUDIO PRIVADO📍 </b>•𝑓𝑖𝑛𝑒 𝑙𝑖𝑛𝑒 & 𝑏𝑙𝑎𝑐𝑘𝑤𝑜𝑟𝑘 • </b>orçamentos somente por WhatsApp ⤵️,False,6124,1844,56,None,False,True,False
1303588321,rlbiscuits,Regina Lima Artes em Biscuit,https://www.instagram.com/rlbiscuits/,✨Alcançando o topo dos seus sonhos há 14 anos ✨</b>Top Of Mind Qualidade Brasil  pelo INPEQ🏅 + de 5 prêmios de excelência empresarial</b>Jundiaí/Contato ⬇,False,20429,6070,2040,https://wa.me/5511996400843,False,True,False
655235469,lazarinoju,Julyanna,https://www.instagram.com/lazarinoju/,“viver é se distrair do fato que você vai morrer”</b>🐉♥️🐼</b>👩🏼‍🔬🔬</b>🇫🇷🇪🇸🇵🇹🇪🇬🇦🇪🇬🇷🇨🇴,False,1384,837,56,None,False,False,False
1453130292,laalferreira,Laaercio Alves Ferreira Alves,https://www.instagram.com/laalferreira/,Parnaiba -FLORESTA NACIONAL DE IPANEMA-Iperó,False,820,4228,1282,http://facebook.com/laaercioalvesferreiraalves,False,False,False
1222118495,henrylacsko,Henrry Lacsko,https://www.instagram.com/henrylacsko/,@peakhudsonyards </b>@taogrouphospitality,True,11766,1535,49,None,False,False,False
9067116922,brechodacalifa,Brecho da califa,https://www.instagram.com/brechodacalifa/,Desde 2016 trazendo roupas e acessórios diretamente da Califórnia! 🌴 🇺🇸</b>Pode retirar em mãos em Jundiaí e Barra funda. :)</b>ENTREGAMOS PRA TODO 🇧🇷,False,326,1858,52,http://facebook.com/brechodacalifa,True,True,False
8611298708,juicebox.jundiai,Festa Juicebox Jundiaí,https://www.instagram.com/juicebox.jundiai/,Anos 00's ★ Emo ★ Indie ★ Rock ★</b>Seja Promoter!</b>Entrada Vip + consumação + camarote + $$$.,False,215,1319,12,None,False,False,False
549742128,diegoestevamofficial,Diêgo Estevam,https://www.instagram.com/diegoestevamofficial/,°Fotógrafo 📸 @estevamstudios</b>°Competitive 🥇</b>°Sports fan 🏀🏌🏽‍♂️🏊🏽‍♂️🥊⚽️</b>°1990</b>°Léo Estevam @leo.estevamr 👪</b>°Love my Fiancee 😍 @gahrodriz 👫🏽,False,1166,5600,167,None,False,True,False
8226965388,catrine.maia,𝐂𝐀𝐓𝐑𝐈𝐍𝐄 𝐌𝐀𝐈𝐀,https://www.instagram.com/catrine.maia/,Do</c> Redo</c> Go on. </b>| Crossfit </b>💍 @fkmonteiro</b>🐶 @bella.golden.dog,False,91980,1616,92,None,False,True,True
8623875754,store2w,2w Store,https://www.instagram.com/store2w/,📱:  (11) 97201-7312</b>🔹Mudamos de Conta : @2wstore_oficial,False,290,1470,170,None,False,False,False
1603121847,altjungermain,AltJun Germain,https://www.instagram.com/altjungermain/,Civil Engineer👷🏿‍♂️</b>From 🇭🇹 to 🇧🇷 🇨🇦 🌍,False,980,2764,53,None,False,False,False
6966553144,eudora_ofertas,.,https://www.instagram.com/eudora_ofertas/,,False,243,433,0,None,True,True,False
6281441380,rocknbeatsjundiai,Rocknbeats Jundiaí,https://www.instagram.com/rocknbeatsjundiai/,Ingressos para todas as festas! ⬇️⬇️⬇️,False,3943,388,462,https://www.sympla.com.br/evento/2510---halloween-a-noite-dos-vampiros/3070530,True,True,False
7567096905,thestrokes.classic,TheStrokes.Classic,https://www.instagram.com/thestrokes.classic/,I do think I have a rebellious</c> metal-loving rock chick inside of me.,False,746,718,116,None,False,False,False
1111473991,nicolaselena_,Nicolas Elena,https://www.instagram.com/nicolaselena_/,,False,288,283,1,None,False,False,False
8370002424,masterguma,Gustavo Perez Sera,https://www.instagram.com/masterguma/,,False,104,104,2,None,False,False,False
7634953850,jobs_universitarios,Jobs Universitários 🎓,https://www.instagram.com/jobs_universitarios/,Soluções de trabalhos universitários</c>agora também via Instagram.👨🏻‍🎓👩🏻‍🎓 Desde 2013 via WhatsApp e site. 📕🖋,True,51,5870,3,None,False,False,False
8328017677,fazinhobr_gamer,FazinhoBr,https://www.instagram.com/fazinhobr_gamer/,YouTuber FAZINHOBR. GAMER</b>TENHO 12 ANOS</b>MORO EM SAO PAULO</b>E GOSTO DE JOGAR E TER AMIZADE,False,34,150,9,None,False,False,False
1446113020,learn.englishschool,Learn,https://www.instagram.com/learn.englishschool/,Inglês de verdade em 10 meses!</b>• Class • Vip • Skype • Trip • Professional</b>🇺🇸English</b>🇪🇸Español</b>🇫🇷Français</b>(31)99756-2980 / 3939-1959,False,642,2484,16,http://www.learnenglishschool.com.br/,True,True,False
8019541626,urtenando,ᴜʀᴛᴇ,https://www.instagram.com/urtenando/,𝖜𝖍𝖊𝖗𝖊 𝖎𝖘 𝖒𝖞 𝖋𝖑𝖔𝖜𝖊𝖗𝖘?,False,1113,1287,81,None,False,False,False
5472508926,brechodonnabella,Boutique e Brechó Donna Bella,https://www.instagram.com/brechodonnabella/,🛍Enviamos para todo Brasil </b>Novos e usados com procedências. 👗👠</b>Atendimento personalizado com hora marcada e Online.</b>Não aceitamos devoluçoes,False,197,739,64,None,True,True,False
279506855,arielvip,😀😀,https://www.instagram.com/arielvip/,,False,435,812,80,None,False,False,False
7312101437,fazinhobr_six,Rainbow six BR,https://www.instagram.com/fazinhobr_six/,https://www.youtube.com/watch?v=YEBBHMRUDoA&t=29s,False,153,621,28,None,False,False,False
7527896768,_.niicolas,Nicolas,https://www.instagram.com/_.niicolas/," Ø Menino do morro virou Deus o poderoso chefão  "  $$,False,38,180,1,None,False,False,False
343235322,_igorvbaldo,Igor Baldo,https://www.instagram.com/_igorvbaldo/,Tattos 💉</b>Games 🎮</b>1995</b>Jundiaí SP,True,513,1075,51,None,False,False,False
7994554459,guifmilani,Guilherme Milani,https://www.instagram.com/guifmilani/,,False,232,412,1,None,False,False,False
3046824779,alessandro.sfelix,Alessandro,https://www.instagram.com/alessandro.sfelix/,,True,544,312,2,None,False,False,False
239653298,brunacarolinee_,Bruna Caroline,https://www.instagram.com/brunacarolinee_/,Eu prefiro ser poesia e ter histórias para contar. ⭐</b>🇧🇷 🇺🇸 🇨🇷 🇫🇷 🇮🇹 🇳🇱 🇵🇹 🇧🇸 🇲🇽,True,612,647,125,None,False,False,False
7909275861,sa.lowell,Sarah LOWELL,https://www.instagram.com/sa.lowell/,Consultora de Beleza e Saúde Capilar  💇💆</b>Revenda de Produtos LOWELL 🛍️❣️</b>Entre em contato para dicas e mais informações sobre os produtos 🤗🤝,False,79,479,15,None,True,True,False
527539985,rbbt_a,Agatha Ribeiro,https://www.instagram.com/rbbt_a/,Phony,True,285,436,139,None,False,False,False
1481291214,godoyleandra,Leandra Godoy,https://www.instagram.com/godoyleandra/,Arquitetura e Urbanismo 📐📏</b> Libriana ♎</b> Noiva do @_balota 💍,True,1012,3171,150,None,False,False,False
1434410085,oficinabanho,Sabonetes Artesanais (SP),https://www.instagram.com/oficinabanho/,Biomédica de formação 🔬</b>Saboaria por paixão 🫧,False,783,1113,254,None,True,True,False
1386915622,debora_hisashi,Debora Lima,https://www.instagram.com/debora_hisashi/,,False,245,311,84,None,False,False,False
7584295292,bellafruta.acai,BELLA FRUTA AÇAÍ,https://www.instagram.com/bellafruta.acai/,VENHAM EXPERIMENTAR O MELHOR AÇAÍ DA REGIÃO!</b>Horário de fun: 10h00 às 21h30.</b>Local: ao lado da faculdade UNIP</c> dentro do Posto Renovar.,False,53,228,2,None,True,True,False
1540051520,vagnertonoli,Vagner Tonoli,https://www.instagram.com/vagnertonoli/,,False,1575,2694,63,None,False,True,False
258337324,porquegui,Guilherme,https://www.instagram.com/porquegui/,São Paulo</b>💻Designer de interiores</b>Gamer e Artista</b>Twitter: porqueguii,False,3480,1201,47,None,False,True,False
212364870,luucas_rl,Lucas Rodrigues,https://www.instagram.com/luucas_rl/,,True,437,1540,19,None,False,False,False
346854167,vivistonetto,Vivis 💫,https://www.instagram.com/vivistonetto/,,True,119,295,48,None,False,False,False
7212418379,luciene_teles_paranhos,luciene teles Paranhos,https://www.instagram.com/luciene_teles_paranhos/,Luciene & Ezequiel ❤️🤵👰</b>🍃Futura mamãe de uma princesa 👑😍🤰👶</b>Deus é Amor 🙏,False,132,388,166,None,False,False,False
1386799785,clararecsy,Clara,https://www.instagram.com/clararecsy/,@trocc.eco,True,670,364,12,None,False,False,False
242755525,assilaht,thalissa poli,https://www.instagram.com/assilaht/,numa moldura clara e simples </b>sou aquilo que se vê,False,1841,2659,54,https://apoia.se/cozinhasolidaria,False,True,False
1615918214,reri.rodrigues,Renan Rodrigues,https://www.instagram.com/reri.rodrigues/,,False,501,828,2,None,False,False,False